id,id_enfermera,fecha_hora,ip_address
1,3,2024-06-17 20:20:07,83.52.64.89
2,3,2024-06-18 08:25:52,"156.35.173.130"
3,5,2024-06-18 10:01:22,156.35.225.69
5,3,2024-06-19 09:05:59,83.52.64.89
6,6,2024-06-19 11:09:10,156.35.225.69
7,3,2024-06-19 16:07:44,83.52.64.89
8,6,2024-06-20 09:36:11,156.35.225.69
10,6,2024-06-20 09:48:31,156.35.225.69
11,6,2024-06-20 10:03:44,156.35.225.69
12,6,2024-06-20 10:08:20,156.35.225.69
13,6,2024-06-20 12:00:31,156.35.225.69
14,6,2024-06-20 13:34:45,156.35.225.69
15,6,2024-06-20 13:38:16,37.10.225.186
16,3,2024-06-25 09:01:52,"156.35.173.130"
17,3,2024-06-27 11:53:40,"156.35.173.130"
18,6,2024-06-27 12:59:31,156.35.225.69
19,3,2024-06-27 13:04:45,"156.35.173.130"
20,3,2024-07-01 09:59:12,"156.35.173.130"
21,3,2024-07-02 20:24:05,83.52.64.89
22,6,2024-07-04 10:26:00,156.35.225.69
23,6,2024-07-04 12:53:17,"156.35.173.130"
24,6,2024-07-05 12:40:15,156.35.225.69
25,3,2024-07-05 17:01:10,83.52.64.89
26,3,2024-07-06 18:05:41,83.52.64.89
27,6,2024-07-08 11:17:56,156.35.225.69
28,6,2024-07-09 09:56:29,156.35.225.69
29,6,2024-07-09 12:15:53,156.35.225.69
32,4,2024-07-09 13:37:37,156.35.225.79
35,4,2024-07-09 14:11:59,156.35.225.79
36,6,2024-07-10 12:53:22,156.35.225.69
37,6,2024-07-11 12:20:30,"156.35.173.130"
38,6,2024-07-15 12:49:23,"156.35.173.130"
39,6,2024-07-16 11:35:41,"156.35.173.130"
40,6,2024-07-16 13:08:14,"156.35.173.130"
41,6,2024-07-22 13:35:32,156.35.225.69
42,6,2024-07-23 12:12:26,156.35.225.69
43,3,2024-07-25 16:22:27,83.52.64.89
45,3,2024-07-25 16:27:31,83.52.64.89
49,4,2024-07-26 09:33:57,"88.151.17.100"
54,3,2024-07-26 19:06:30,83.52.64.89
55,3,2024-07-27 12:05:58,83.52.64.89
56,3,2024-07-27 12:32:32,83.52.64.89
57,3,2024-07-27 12:35:22,83.52.64.89
58,3,2024-07-27 21:56:39,83.52.64.89
59,3,2024-07-28 11:01:27,83.52.64.89
60,3,2024-08-06 12:52:23,83.52.64.89
61,3,2024-08-27 08:28:51,83.52.64.89
62,3,2024-08-28 20:15:23,83.52.65.148
63,3,2024-08-29 00:32:43,83.52.65.148
64,3,2024-09-05 19:35:16,83.52.64.89
65,3,2024-09-08 22:15:24,83.52.64.89
66,3,2024-09-10 16:12:47,"156.35.173.130"
67,3,2024-09-10 19:26:33,83.52.64.89
68,3,2024-09-11 08:56:16,"156.35.173.130"
69,3,2024-09-11 17:32:06,"156.35.173.130"
70,3,2024-09-11 17:35:27,"156.35.173.130"
71,3,2024-09-12 16:33:45,83.52.64.89
72,3,2024-09-12 19:14:52,83.52.64.89
73,3,2024-09-16 13:20:30,"156.35.225.70"
74,3,2024-09-17 17:41:25,"156.35.173.130"
75,3,2024-09-17 18:00:51,156.35.159.14
76,3,2024-09-17 18:05:55,156.35.159.14
77,3,2024-09-17 18:05:56,156.35.159.14
78,3,2024-09-17 18:09:05,"156.35.225.70"
79,3,2024-09-17 23:41:00,83.52.67.189
80,3,2024-09-17 23:42:11,83.52.67.189
81,3,2024-09-17 23:50:27,83.52.67.189
82,3,2024-09-17 23:51:04,83.52.67.189
83,3,2024-09-17 23:52:48,83.52.67.189
84,3,2024-09-17 23:58:03,83.52.67.189
85,3,2024-09-17 23:58:04,83.52.67.189
86,3,2024-09-18 00:38:45,83.52.67.189
87,3,2024-09-18 00:38:46,83.52.67.189
88,3,2024-09-18 00:40:07,83.52.67.189
89,3,2024-09-18 01:01:23,156.35.159.14
90,3,2024-09-18 01:02:26,156.35.159.14
91,3,2024-09-18 01:02:41,156.35.159.14
92,3,2024-09-18 01:03:22,156.35.159.14
93,3,2024-09-18 01:03:24,156.35.159.14
94,3,2024-09-18 01:05:09,156.35.159.14
95,3,2024-09-18 01:05:10,156.35.159.14
96,3,2024-09-18 18:04:19,83.52.64.89
97,3,2024-09-18 18:18:07,83.52.64.89
98,3,2024-09-18 23:07:54,156.35.159.14
99,7,2024-09-18 23:24:08,156.35.159.14
100,3,2024-09-18 23:26:15,156.35.159.14
101,3,2024-09-18 23:26:17,156.35.159.14
102,7,2024-09-18 23:27:39,156.35.159.14
103,7,2024-09-18 23:27:41,156.35.159.14
104,7,2024-09-18 23:27:53,156.35.159.14
105,7,2024-09-18 23:27:53,156.35.159.14
106,7,2024-09-18 23:29:23,156.35.159.14
107,7,2024-09-18 23:29:31,156.35.159.14
108,7,2024-09-18 23:29:32,156.35.159.14
109,7,2024-09-18 23:30:10,156.35.159.14
110,7,2024-09-18 23:30:16,156.35.159.14
111,7,2024-09-18 23:30:16,156.35.159.14
112,7,2024-09-18 23:30:34,156.35.159.14
113,7,2024-09-18 23:31:31,156.35.159.14
114,7,2024-09-18 23:32:40,156.35.159.14
115,7,2024-09-18 23:32:41,156.35.159.14
116,7,2024-09-18 23:34:07,156.35.159.14
117,7,2024-09-18 23:34:29,156.35.159.14
118,7,2024-09-18 23:34:30,156.35.159.14
119,7,2024-09-18 23:35:08,156.35.159.14
120,7,2024-09-18 23:35:56,156.35.159.14
121,7,2024-09-18 23:36:12,156.35.159.14
122,7,2024-09-18 23:36:12,156.35.159.14
123,7,2024-09-18 23:38:50,156.35.159.14
124,7,2024-09-18 23:39:20,156.35.159.14
125,7,2024-09-18 23:39:46,156.35.159.14
126,7,2024-09-18 23:40:53,156.35.159.14
127,7,2024-09-18 23:40:53,156.35.159.14
128,7,2024-09-18 23:41:10,156.35.159.14
129,7,2024-09-18 23:41:16,156.35.159.14
130,7,2024-09-18 23:41:34,156.35.159.14
131,7,2024-09-18 23:42:15,156.35.159.14
132,7,2024-09-18 23:42:16,156.35.159.14
133,7,2024-09-18 23:43:29,156.35.159.14
134,7,2024-09-18 23:43:30,156.35.159.14
135,7,2024-09-18 23:43:50,156.35.159.14
136,7,2024-09-18 23:43:51,156.35.159.14
137,7,2024-09-18 23:47:29,156.35.159.14
138,7,2024-09-18 23:47:29,156.35.159.14
139,7,2024-09-18 23:48:17,156.35.159.14
140,7,2024-09-18 23:57:13,156.35.159.14
141,7,2024-09-18 23:57:14,156.35.159.14
142,7,2024-09-19 00:00:47,156.35.159.14
143,7,2024-09-19 00:08:01,156.35.159.14
144,7,2024-09-19 00:08:02,156.35.159.14
145,7,2024-09-19 00:18:36,83.52.67.189
146,7,2024-09-19 00:18:37,83.52.67.189
147,7,2024-09-19 00:23:56,156.35.159.14
148,7,2024-09-19 00:26:02,156.35.159.14
149,7,2024-09-19 00:49:31,83.52.67.189
150,7,2024-09-19 00:49:32,83.52.67.189
151,7,2024-09-19 00:49:54,83.52.67.189
152,7,2024-09-19 00:52:32,83.52.67.189
153,7,2024-09-19 00:52:32,83.52.67.189
154,7,2024-09-19 00:52:55,83.52.67.189
155,7,2024-09-19 00:53:51,83.52.67.189
156,7,2024-09-19 00:53:51,83.52.67.189
157,7,2024-09-19 00:54:31,83.52.67.189
158,7,2024-09-19 00:54:55,83.52.67.189
159,7,2024-09-19 00:54:55,83.52.67.189
160,7,2024-09-19 00:55:58,83.52.67.189
161,7,2024-09-19 00:55:59,83.52.67.189
162,7,2024-09-19 00:56:42,156.35.159.14
163,7,2024-09-19 00:56:47,156.35.159.14
164,7,2024-09-19 00:56:59,156.35.159.14
165,7,2024-09-19 00:57:33,156.35.159.14
166,7,2024-09-19 00:57:45,156.35.159.14
167,7,2024-09-19 00:58:07,83.52.67.189
168,7,2024-09-19 00:58:07,83.52.67.189
169,7,2024-09-19 01:00:42,83.52.67.189
170,7,2024-09-19 01:00:42,83.52.67.189
171,7,2024-09-19 01:01:03,83.52.67.189
172,7,2024-09-19 01:01:03,83.52.67.189
173,7,2024-09-19 01:01:15,83.52.67.189
174,7,2024-09-19 01:03:29,83.52.67.189
175,7,2024-09-19 01:03:29,83.52.67.189
176,7,2024-09-19 01:06:33,83.52.67.189
177,7,2024-09-19 01:06:34,83.52.67.189
178,7,2024-09-19 01:07:44,83.52.67.189
179,7,2024-09-19 01:07:45,83.52.67.189
180,7,2024-09-19 01:11:02,83.52.67.189
181,7,2024-09-19 01:11:03,83.52.67.189
182,7,2024-09-19 01:12:18,83.52.67.189
183,7,2024-09-19 01:12:18,83.52.67.189
184,7,2024-09-19 01:15:47,83.52.67.189
185,7,2024-09-19 01:15:47,83.52.67.189
186,7,2024-09-19 01:15:51,83.52.67.189
187,7,2024-09-19 01:15:52,83.52.67.189
188,7,2024-09-19 01:16:08,83.52.67.189
189,7,2024-09-19 01:17:14,83.52.67.189
190,7,2024-09-19 01:17:15,83.52.67.189
191,7,2024-09-19 01:18:00,83.52.67.189
192,7,2024-09-19 01:18:01,83.52.67.189
193,7,2024-09-19 01:18:24,83.52.67.189
194,7,2024-09-19 01:18:24,83.52.67.189
195,7,2024-09-19 01:18:37,83.52.67.189
196,7,2024-09-19 01:18:37,83.52.67.189
197,7,2024-09-19 01:18:47,83.52.67.189
198,7,2024-09-19 01:19:50,83.52.67.189
199,7,2024-09-19 01:19:51,83.52.67.189
200,7,2024-09-19 01:21:56,83.52.67.189
201,7,2024-09-19 01:21:56,83.52.67.189
202,7,2024-09-19 01:30:38,83.52.67.189
203,7,2024-09-19 01:30:39,83.52.67.189
204,7,2024-09-19 01:30:56,83.52.67.189
205,7,2024-09-19 01:30:56,83.52.67.189
206,7,2024-09-19 01:31:29,83.52.67.189
207,7,2024-09-19 01:32:28,83.52.67.189
208,7,2024-09-19 01:32:29,83.52.67.189
209,7,2024-09-19 01:32:38,83.52.67.189
210,7,2024-09-19 02:17:01,31.221.168.223
211,7,2024-09-19 02:17:02,31.221.168.223
212,7,2024-09-19 02:18:56,31.221.168.223
213,7,2024-09-19 02:18:57,31.221.168.223
214,7,2024-09-19 08:25:01,46.6.145.134
215,7,2024-09-19 08:25:02,46.6.145.134
216,7,2024-09-19 08:25:20,46.6.145.134
217,3,2024-09-19 08:31:05,46.6.145.134
218,3,2024-09-19 08:31:06,46.6.145.134
219,3,2024-09-19 08:34:16,46.6.145.134
220,3,2024-09-19 08:34:17,46.6.145.134
221,3,2024-09-19 08:34:30,"156.35.173.130"
222,3,2024-09-19 08:34:32,"156.35.173.130"
223,7,2024-09-19 08:38:06,46.6.145.134
224,7,2024-09-19 08:38:06,46.6.145.134
225,3,2024-09-19 08:38:59,"156.35.173.130"
226,3,2024-09-19 08:38:59,"156.35.173.130"
227,3,2024-09-19 08:40:26,"156.35.173.130"
228,3,2024-09-19 08:40:26,"156.35.173.130"
229,3,2024-09-19 08:52:05,"156.35.173.130"
230,3,2024-09-19 08:52:05,"156.35.173.130"
231,7,2024-09-19 09:01:01,46.6.145.134
232,7,2024-09-19 13:22:20,"46.6.251.250"
233,7,2024-09-19 13:22:21,"46.6.251.250"
234,7,2024-09-19 13:22:52,"46.6.251.250"
235,7,2024-09-19 18:28:08,83.52.67.189
236,7,2024-09-19 18:28:09,83.52.67.189
237,7,2024-09-19 18:29:16,83.52.67.189
238,3,2024-09-23 16:42:36,"80.29.229.0"
239,3,2024-09-23 16:42:38,"80.29.229.0"
240,7,2024-09-24 15:43:14,156.35.159.14
241,7,2024-09-24 15:43:55,156.35.159.14
242,7,2024-09-24 15:45:03,156.35.159.14
243,7,2024-09-24 15:46:45,156.35.159.14
244,7,2024-09-24 15:49:02,156.35.159.14
245,7,2024-09-24 15:50:24,156.35.159.14
246,7,2024-09-24 15:51:35,156.35.159.14
247,7,2024-09-24 15:51:47,156.35.159.14
248,7,2024-09-24 15:52:28,156.35.159.14
249,7,2024-09-24 15:52:40,156.35.159.14
250,7,2024-09-24 16:06:08,83.53.0.13
251,7,2024-09-24 16:06:10,83.53.0.13
252,7,2024-09-24 16:07:01,83.53.0.13
253,7,2024-09-24 16:07:01,83.53.0.13
254,7,2024-09-24 16:08:55,83.53.0.13
255,7,2024-09-24 16:08:55,83.53.0.13
256,3,2024-09-25 17:05:10,"156.35.173.130"
257,3,2024-09-26 14:10:45,"156.35.173.130"
258,7,2024-09-26 14:14:43,"156.35.173.130"
259,7,2024-09-26 14:14:45,"156.35.173.130"
260,7,2024-09-26 14:15:45,"156.35.173.130"
261,7,2024-09-26 14:15:46,"156.35.173.130"
262,7,2024-09-26 14:16:46,"156.35.173.130"
263,3,2024-09-26 14:17:20,"156.35.173.130"
264,3,2024-09-26 14:17:20,"156.35.173.130"
265,3,2024-09-26 14:17:37,178.139.226.187
266,3,2024-09-26 14:17:38,178.139.226.187
267,3,2024-09-26 14:18:16,"156.35.173.130"
268,3,2024-09-26 14:27:01,"156.35.173.130"
269,3,2024-09-26 23:14:37,83.53.0.13
270,3,2024-09-26 23:14:37,83.53.0.13
271,3,2024-09-26 23:15:27,83.53.0.13
272,4,2024-09-26 23:29:18,178.139.226.187
273,4,2024-09-26 23:29:18,178.139.226.187
274,3,2024-09-26 23:29:42,83.53.0.13
275,7,2024-09-26 23:30:15,156.35.159.14
276,4,2024-09-26 23:45:45,178.139.226.187
277,4,2024-09-27 00:00:36,178.139.226.187
278,4,2024-09-27 00:00:38,178.139.226.187
279,4,2024-09-27 09:01:20,178.139.226.187
280,4,2024-09-27 09:01:21,178.139.226.187
281,4,2024-09-27 18:01:10,178.139.226.187
282,3,2024-09-30 15:22:40,"156.35.173.130"
283,3,2024-09-30 15:23:56,"156.35.173.130"
284,3,2024-09-30 15:23:57,"156.35.173.130"
285,7,2024-10-01 19:24:45,156.35.225.67
286,7,2024-10-01 19:26:45,"156.35.173.130"
287,7,2024-10-01 19:26:46,"156.35.173.130"
288,7,2024-10-01 19:27:32,"156.35.173.130"
289,7,2024-10-08 08:45:51,"156.35.173.130"
290,7,2024-10-08 08:45:52,"156.35.173.130"
291,3,2024-10-08 08:46:57,156.35.225.79
292,3,2024-10-08 08:48:23,"156.35.173.130"
293,3,2024-10-08 08:48:24,"156.35.173.130"
294,3,2024-10-08 08:50:56,"156.35.173.130"
295,3,2024-10-08 08:50:56,"156.35.173.130"
296,3,2024-10-08 12:59:15,"156.35.173.130"
297,3,2024-10-08 12:59:17,"156.35.173.130"
298,3,2024-10-08 20:49:33,83.53.28.61
299,3,2024-10-08 20:49:35,83.53.28.61
300,3,2024-10-09 08:30:14,"156.35.173.130"
301,3,2024-10-09 08:30:16,"156.35.173.130"
302,3,2024-10-09 08:31:59,"156.35.173.130"
303,3,2024-10-09 08:31:59,"156.35.173.130"
304,7,2024-10-09 09:12:35,83.53.0.13
305,7,2024-10-09 09:12:36,83.53.0.13
306,3,2024-10-09 09:17:53,"156.35.173.130"
307,3,2024-10-09 09:17:55,"156.35.173.130"
308,3,2024-10-09 17:53:40,83.53.28.61
309,3,2024-10-09 17:53:40,83.53.28.61
310,3,2024-10-09 17:57:45,83.53.28.61
311,3,2024-10-09 17:58:29,83.53.28.61
312,7,2024-10-09 18:18:24,"156.35.173.130"
313,7,2024-10-09 18:18:24,"156.35.173.130"
314,7,2024-10-09 18:39:48,"156.35.173.130"
315,7,2024-10-09 18:39:49,"156.35.173.130"
316,7,2024-10-09 19:00:02,"156.35.173.130"
317,7,2024-10-09 19:00:03,"156.35.173.130"
318,7,2024-10-09 19:00:21,"156.35.173.130"
319,7,2024-10-09 19:00:22,"156.35.173.130"
320,7,2024-10-09 19:01:13,"156.35.173.130"
321,7,2024-10-09 19:01:14,"156.35.173.130"
322,3,2024-10-13 20:17:18,83.53.15.87
323,3,2024-10-14 08:56:45,"156.35.173.130"
324,3,2024-10-14 08:56:47,"156.35.173.130"
325,3,2024-10-14 15:27:32,83.53.15.87
326,3,2024-10-14 20:01:40,83.53.15.87
327,3,2024-10-15 11:35:45,"156.35.173.130"
328,7,2024-10-15 13:08:30,156.35.225.65
329,7,2024-10-15 13:08:32,156.35.225.65
330,3,2024-10-16 08:50:13,95.124.181.235
331,3,2024-10-16 08:50:15,95.124.181.235
332,3,2024-10-16 09:36:41,95.124.181.235
333,3,2024-10-16 09:36:41,95.124.181.235
334,3,2024-10-16 09:40:49,95.124.181.235
335,3,2024-10-16 09:42:48,95.124.181.235
336,3,2024-10-16 09:42:48,95.124.181.235
337,3,2024-10-16 11:25:00,95.124.181.235
338,3,2024-10-16 13:19:02,95.124.181.235
339,3,2024-10-16 13:19:02,95.124.181.235
340,3,2024-10-16 17:50:53,83.53.15.87
341,4,2024-10-16 18:32:17,178.139.239.5
342,4,2024-10-16 18:32:18,178.139.239.5
343,3,2024-10-16 18:33:51,178.139.239.5
344,3,2024-10-16 18:33:52,178.139.239.5
345,3,2024-10-16 18:34:20,178.139.239.5
346,3,2024-10-16 20:09:39,83.53.15.87
347,7,2024-10-17 11:51:18,37.29.128.78
348,7,2024-10-17 11:51:19,37.29.128.78
349,3,2024-10-19 14:24:15,83.53.15.87
350,3,2024-10-19 17:48:36,83.53.15.87
351,3,2024-10-20 11:22:44,83.53.15.87
352,3,2024-10-21 10:52:52,156.35.225.57
353,7,2024-10-21 18:56:46,"46.6.215.0"
354,7,2024-10-21 18:56:46,"46.6.215.0"
355,7,2024-10-21 18:57:12,"46.6.215.0"
356,7,2024-10-21 18:57:12,"46.6.215.0"
357,3,2024-10-21 18:57:41,"46.6.215.0"
358,3,2024-10-21 18:57:42,"46.6.215.0"
359,3,2024-10-21 18:59:42,"46.6.215.0"
360,3,2024-10-21 18:59:42,"46.6.215.0"
361,7,2024-10-21 18:59:56,"46.6.215.0"
362,7,2024-10-21 18:59:56,"46.6.215.0"
363,7,2024-10-21 19:00:28,"46.6.215.0"
364,7,2024-10-21 19:00:28,"46.6.215.0"
365,7,2024-10-21 19:01:47,"46.6.215.0"
366,7,2024-10-21 19:01:47,"46.6.215.0"
367,3,2024-10-21 19:22:42,"156.35.173.130"
368,3,2024-10-21 20:38:13,83.53.15.87
369,7,2024-10-21 23:15:08,83.53.0.13
370,7,2024-10-21 23:15:59,83.53.0.13
371,7,2024-10-21 23:15:59,83.53.0.13
372,3,2024-10-21 23:29:31,83.53.0.13
373,3,2024-10-22 00:44:53,83.53.0.13
374,3,2024-10-22 00:44:53,83.53.0.13
375,3,2024-10-22 00:45:31,83.53.0.13
376,3,2024-10-22 00:45:31,83.53.0.13
377,3,2024-10-22 01:05:20,83.53.0.13
378,3,2024-10-22 01:05:20,83.53.0.13
379,7,2024-10-22 01:05:42,83.53.0.13
380,7,2024-10-22 01:05:42,83.53.0.13
381,7,2024-10-22 01:07:35,83.53.0.13
382,3,2024-10-22 09:11:42,156.35.225.73
383,4,2024-10-22 09:22:28,156.35.225.73
384,3,2024-10-22 09:26:11,156.35.225.65
385,4,2024-10-22 11:24:09,"156.35.173.130"
386,7,2024-10-22 11:25:06,31.221.146.102
387,7,2024-10-22 11:25:06,31.221.146.102
388,4,2024-10-23 09:22:48,"156.35.173.130"
389,3,2024-10-23 18:39:22,83.53.15.87
390,4,2024-10-24 09:03:38,"156.35.173.130"
391,7,2024-10-27 16:40:51,46.222.15.177
392,7,2024-10-27 16:40:52,46.222.15.177
393,7,2024-10-27 16:41:06,46.222.15.177
394,7,2024-10-27 16:41:07,46.222.15.177
395,7,2024-10-27 16:41:11,46.222.15.177
396,7,2024-10-27 16:41:11,46.222.15.177
397,7,2024-10-27 16:41:17,46.222.15.177
398,7,2024-10-27 16:41:18,46.222.15.177
399,7,2024-10-27 16:46:09,83.53.0.13
400,7,2024-10-27 16:46:09,83.53.0.13
401,7,2024-10-27 16:49:30,83.53.0.13
402,7,2024-10-27 16:49:30,83.53.0.13
403,7,2024-10-27 17:06:45,83.53.0.13
404,7,2024-10-27 17:06:46,83.53.0.13
405,7,2024-10-27 17:08:34,83.53.0.13
406,7,2024-10-27 17:08:34,83.53.0.13
407,7,2024-10-27 17:09:09,83.53.0.13
408,7,2024-10-27 17:09:54,83.53.0.13
409,7,2024-10-27 17:10:55,83.53.0.13
410,7,2024-10-27 17:10:55,83.53.0.13
411,7,2024-10-27 17:12:28,83.53.0.13
412,7,2024-10-27 17:12:28,83.53.0.13
413,7,2024-10-27 17:14:41,83.53.0.13
414,7,2024-10-27 17:14:58,83.53.0.13
415,7,2024-10-27 17:14:58,83.53.0.13
416,7,2024-10-27 17:16:31,83.53.0.13
417,7,2024-10-27 17:16:40,83.53.0.13
418,7,2024-10-27 17:16:40,83.53.0.13
419,7,2024-10-27 17:17:34,83.53.0.13
420,7,2024-10-27 17:17:34,83.53.0.13
421,7,2024-10-27 17:26:26,83.53.0.13
422,7,2024-10-27 17:26:56,83.53.0.13
423,7,2024-10-27 17:26:56,83.53.0.13
424,7,2024-10-27 17:27:30,83.53.0.13
425,7,2024-10-27 17:27:30,83.53.0.13
426,7,2024-10-27 17:29:40,83.53.0.13
427,7,2024-10-27 17:29:40,83.53.0.13
428,7,2024-10-27 17:30:18,83.53.0.13
429,7,2024-10-27 17:30:18,83.53.0.13
430,7,2024-10-27 17:31:20,83.53.0.13
431,7,2024-10-27 17:31:20,83.53.0.13
432,7,2024-10-27 17:35:35,83.53.0.13
433,7,2024-10-27 17:35:36,83.53.0.13
434,7,2024-10-27 17:35:45,83.53.0.13
435,7,2024-10-27 17:35:45,83.53.0.13
436,7,2024-10-27 17:35:53,83.53.0.13
437,7,2024-10-27 17:35:53,83.53.0.13
438,7,2024-10-27 17:38:31,83.53.0.13
439,7,2024-10-27 17:41:26,83.53.0.13
440,7,2024-10-27 17:41:27,83.53.0.13
441,7,2024-10-27 17:44:51,83.53.0.13
442,7,2024-10-27 17:44:59,83.53.0.13
443,7,2024-10-27 17:44:59,83.53.0.13
444,7,2024-10-28 08:55:16,46.222.15.177
445,7,2024-10-28 08:55:16,46.222.15.177
446,3,2024-10-28 08:58:43,"156.35.173.130"
447,3,2024-10-28 08:58:44,"156.35.173.130"
448,7,2024-10-29 18:52:28,156.35.159.14
449,7,2024-10-29 18:52:29,156.35.159.14
450,3,2024-10-30 11:12:46,"156.35.225.70"
451,3,2024-10-30 12:03:02,"156.35.173.130"
452,3,2024-10-30 12:03:02,"156.35.173.130"
453,4,2024-10-31 09:48:42,"156.35.173.130"
454,7,2024-11-01 19:51:35,83.53.0.13
455,7,2024-11-01 19:51:36,83.53.0.13
456,7,2024-11-01 21:52:15,83.53.0.13
457,7,2024-11-01 21:52:16,83.53.0.13
458,7,2024-11-02 13:36:56,83.53.0.13
459,7,2024-11-04 08:43:08,"156.35.173.130"
460,3,2024-11-04 08:56:34,"156.35.173.130"
461,7,2024-11-04 08:58:00,46.222.40.137
462,7,2024-11-04 08:58:00,46.222.40.137
463,3,2024-11-04 08:58:14,"156.35.173.130"
464,3,2024-11-04 08:58:15,"156.35.173.130"
465,7,2024-11-04 16:31:16,"156.35.173.130"
466,7,2024-11-04 16:31:16,"156.35.173.130"
467,3,2024-11-04 16:31:53,"156.35.173.130"
468,3,2024-11-04 16:31:53,"156.35.173.130"
469,7,2024-11-04 16:34:04,"156.35.173.130"
470,7,2024-11-04 16:34:04,"156.35.173.130"
471,3,2024-11-04 19:43:21,83.53.26.228
472,7,2024-11-05 00:57:54,83.53.0.13
473,7,2024-11-05 00:57:55,83.53.0.13
474,3,2024-11-05 00:58:27,83.53.0.13
475,3,2024-11-05 00:58:27,83.53.0.13
476,3,2024-11-05 01:01:25,83.53.0.13
477,7,2024-11-05 01:05:29,83.53.0.13
478,7,2024-11-05 01:05:29,83.53.0.13
479,7,2024-11-05 01:06:28,83.53.0.13
480,3,2024-11-05 08:55:03,"156.35.173.130"
481,3,2024-11-05 10:42:26,"156.35.173.130"
482,3,2024-11-05 20:09:38,83.53.26.228
483,3,2024-11-05 20:09:39,83.53.26.228
484,3,2024-11-05 20:22:13,83.53.26.228
485,7,2024-11-05 20:42:03,83.53.0.13
486,7,2024-11-05 20:42:03,83.53.0.13
487,7,2024-11-05 20:53:10,37.29.253.247
488,7,2024-11-05 20:53:11,37.29.253.247
489,7,2024-11-05 21:06:55,37.29.253.247
490,7,2024-11-05 21:06:56,37.29.253.247
491,7,2024-11-05 21:23:27,37.29.253.247
492,7,2024-11-06 08:08:42,"156.35.173.130"
493,7,2024-11-06 08:08:42,"156.35.173.130"
494,3,2024-11-06 09:02:03,"156.35.173.130"
495,3,2024-11-06 09:02:05,"156.35.173.130"
496,3,2024-11-06 11:00:53,178.139.225.122
497,3,2024-11-06 11:00:55,178.139.225.122
498,3,2024-11-06 11:27:02,176.80.150.101
499,3,2024-11-06 11:27:05,176.80.150.101
500,3,2024-11-06 17:58:32,83.53.26.228
501,3,2024-11-06 19:05:34,83.53.26.228
502,3,2024-11-06 19:37:52,83.53.26.228
503,4,2024-11-07 09:09:43,"156.35.173.130"
504,3,2024-11-07 13:41:48,"95.127.3.80"
505,3,2024-11-07 13:41:48,"95.127.3.80"
506,7,2024-11-08 13:35:14,"156.35.173.130"
507,7,2024-11-08 13:35:15,"156.35.173.130"
508,3,2024-11-08 13:42:54,"156.35.173.130"
509,3,2024-11-08 13:42:54,"156.35.173.130"
510,3,2024-11-09 10:22:08,83.53.26.228
511,3,2024-11-09 11:43:45,83.53.26.228
512,3,2024-11-09 12:36:07,83.53.26.228
513,3,2024-11-09 21:32:32,83.53.26.228
514,3,2024-11-10 00:45:06,83.53.26.228
515,3,2024-11-10 12:14:07,83.53.26.228
516,3,2024-11-11 07:40:10,83.53.26.228
517,3,2024-11-11 15:54:54,83.53.26.228
518,3,2024-11-11 16:30:56,83.53.26.228
519,3,2024-11-12 13:28:48,156.35.225.68
520,3,2024-11-12 13:30:36,156.35.225.68
521,3,2024-11-12 21:52:58,83.53.26.228
522,3,2024-11-13 16:22:31,83.53.26.228
523,3,2024-11-13 19:59:27,83.53.26.228
524,3,2024-11-14 19:22:35,83.53.26.228
525,3,2024-11-14 19:53:13,83.53.26.228
526,3,2024-11-14 20:02:43,83.53.26.228
527,3,2024-11-15 07:37:09,83.53.26.228
528,3,2024-11-15 17:43:28,83.53.26.228
529,3,2024-11-15 17:59:27,83.53.26.228
530,3,2024-11-15 17:59:28,83.53.26.228
531,4,2024-11-15 18:22:03,83.53.26.228
532,3,2024-11-16 14:12:59,83.53.26.228
533,7,2024-11-16 23:45:29,"31.221.179.160"
534,7,2024-11-16 23:45:30,"31.221.179.160"
535,3,2024-11-18 07:30:32,83.53.26.228
536,3,2024-11-18 07:30:33,83.53.26.228
537,3,2024-11-18 19:32:27,83.53.26.228
538,3,2024-11-18 19:49:36,83.53.26.228
539,3,2024-11-18 20:59:13,83.53.26.228
540,3,2024-11-18 20:59:13,83.53.26.228
541,3,2024-11-19 16:52:48,83.53.26.228
542,3,2024-11-19 16:54:20,83.53.26.228
543,3,2024-11-19 19:24:10,83.53.26.228
544,3,2024-11-19 21:37:30,83.53.26.228
545,3,2024-11-19 21:37:31,83.53.26.228
546,3,2024-11-20 18:05:39,83.53.244.44
547,7,2024-11-21 14:28:19,"156.35.173.130"
548,7,2024-11-21 14:28:20,"156.35.173.130"
549,3,2024-11-21 15:57:48,83.53.244.44
550,3,2024-11-21 16:53:45,83.53.244.44
551,3,2024-11-21 19:51:32,83.53.244.44
552,3,2024-11-21 20:09:35,83.53.244.44
553,3,2024-11-21 20:16:27,83.53.244.44
554,3,2024-11-21 20:21:03,83.53.244.44
555,3,2024-11-21 20:26:08,83.53.244.44
556,3,2024-11-21 20:52:43,83.53.244.44
557,3,2024-11-22 16:39:31,"83.53.9.50"
558,2031,2024-11-22 18:12:19,"83.53.9.50"
559,3,2024-11-23 17:51:14,"83.53.9.50"
560,3,2024-11-23 18:34:45,"83.53.9.50"
561,3,2024-11-24 13:00:00,"83.53.9.50"
562,3,2024-11-24 13:00:00,"83.53.9.50"
563,3,2024-11-24 17:38:25,"83.53.9.50"
564,2033,2024-11-24 18:14:30,"83.53.9.50"
565,3,2024-11-24 18:15:25,"83.53.9.50"
566,2033,2024-11-24 18:19:20,"83.53.9.50"
567,2034,2024-11-24 18:29:35,"83.53.9.50"
568,2034,2024-11-24 20:04:23,"83.53.9.50"
569,2036,2024-11-24 20:59:06,"83.53.9.50"
570,2036,2024-11-24 21:23:15,"83.53.9.50"
571,2036,2024-11-24 21:26:59,"83.53.9.50"
572,2036,2024-11-27 09:57:38,95.124.167.61
573,2036,2024-11-27 09:57:40,95.124.167.61
574,2036,2024-11-27 10:00:28,95.124.167.61
575,2036,2024-11-27 10:00:29,95.124.167.61
576,2036,2024-11-27 10:01:29,95.124.167.61
577,2036,2024-11-27 10:01:29,95.124.167.61
578,2036,2024-11-28 12:15:02,"156.35.173.130"
579,2036,2024-11-28 12:30:51,"156.35.173.130"
580,2036,2024-11-28 12:33:34,"156.35.173.130"
581,2036,2024-11-28 12:34:37,"156.35.173.130"
582,2036,2024-11-28 16:21:40,"156.35.173.130"
583,2036,2024-12-02 08:31:52,"156.35.173.130"
584,2036,2024-12-02 08:58:06,"156.35.173.130"
585,2036,2024-12-02 12:48:39,"156.35.173.130"
586,2036,2024-12-02 17:46:26,83.53.27.186
587,2036,2024-12-02 21:30:41,83.53.27.186
588,2036,2024-12-03 10:50:57,"156.35.173.130"
589,2036,2024-12-04 16:51:02,156.35.225.73
590,2036,2024-12-05 08:55:46,"156.35.173.130"
591,2036,2024-12-05 09:41:25,"156.35.173.130"
592,2036,2024-12-12 00:16:29,"31.221.138.70"
593,2036,2024-12-12 00:16:30,"31.221.138.70"
594,2036,2024-12-15 08:28:14,83.53.27.186
595,2036,2024-12-15 12:58:42,83.53.27.186
596,2036,2024-12-19 09:42:32,"156.35.173.130"
597,2036,2024-12-19 21:09:40,83.53.0.13
598,2036,2024-12-19 21:10:30,46.222.58.119
599,2036,2024-12-19 21:10:31,46.222.58.119
600,2036,2024-12-19 21:37:13,46.222.58.119
601,2036,2024-12-19 21:37:14,46.222.58.119
602,2036,2024-12-19 21:40:31,46.222.58.119
603,2036,2024-12-19 21:40:31,46.222.58.119
604,2036,2024-12-19 21:40:52,46.222.58.119
605,2036,2024-12-19 21:40:52,46.222.58.119
606,2036,2024-12-19 21:46:56,46.222.58.119
607,2036,2024-12-19 21:46:57,46.222.58.119
608,2036,2024-12-19 21:47:13,46.222.58.119
609,2036,2024-12-20 09:21:57,46.222.58.119
610,2036,2024-12-20 09:21:58,46.222.58.119
611,2036,2024-12-20 10:26:11,156.35.225.65
612,2037,2024-12-20 10:27:45,46.222.58.119
613,2037,2024-12-20 10:27:45,46.222.58.119
614,2036,2024-12-23 22:21:19,83.53.0.13
615,2036,2024-12-23 22:21:21,83.53.0.13
616,2036,2025-01-08 00:28:04,80.29.202.29
617,2036,2025-01-08 12:41:40,156.35.225.75
618,2037,2025-01-08 12:44:05,156.35.225.75
619,2036,2025-01-11 18:43:33,83.53.16.179
621,2036,2025-01-11 18:47:36,83.53.16.179
622,2036,2025-01-11 19:17:44,83.53.16.179
623,2036,2025-01-11 19:25:26,83.53.16.179
624,2036,2025-01-11 19:29:37,83.53.16.179
625,2036,2025-01-11 19:46:04,83.53.16.179
626,2036,2025-01-11 19:47:39,83.53.16.179
627,2036,2025-01-11 19:47:42,83.53.16.179
628,2036,2025-01-11 22:57:56,83.53.16.179
629,2036,2025-01-13 19:43:56,83.53.16.179
630,2036,2025-01-14 18:09:51,156.35.225.67
631,2036,2025-01-14 19:40:22,83.53.16.179
632,2041,2025-01-14 19:45:14,83.53.16.179
633,2041,2025-01-14 19:50:23,83.53.16.179
634,2041,2025-01-14 19:50:24,83.53.16.179
635,2036,2025-01-15 21:04:18,83.53.16.179
636,2036,2025-01-16 08:27:56,"156.35.173.130"
637,2036,2025-01-16 13:49:48,"156.35.173.130"
638,2037,2025-01-16 14:03:31,83.53.22.111
639,2037,2025-01-16 14:06:37,83.53.22.111
640,2037,2025-01-16 14:09:51,83.53.22.111
641,2037,2025-01-16 14:09:53,83.53.22.111
642,2037,2025-01-16 21:48:15,83.53.22.111
643,2037,2025-01-16 21:48:16,83.53.22.111
644,2036,2025-01-18 13:36:36,83.53.16.179
645,2036,2025-01-18 13:46:10,83.53.16.179
646,2036,2025-01-18 16:03:02,83.53.16.179
647,2041,2025-01-18 18:05:29,83.53.16.179
648,2041,2025-01-18 18:05:30,83.53.16.179
649,2036,2025-01-18 20:43:46,83.53.16.179
650,2041,2025-01-18 20:48:27,83.53.16.179
651,2041,2025-01-18 20:48:29,83.53.16.179
652,2036,2025-01-19 18:20:13,83.53.16.179
653,2036,2025-01-19 18:20:15,83.53.16.179
654,2036,2025-01-19 20:43:22,83.53.16.179
655,2036,2025-01-20 09:12:54,"156.35.173.130"
656,2036,2025-01-27 16:41:14,"156.35.173.130"
657,2036,2025-01-27 16:41:15,"156.35.173.130"
658,2041,2025-01-27 20:29:55,83.53.16.179
659,2036,2025-01-27 20:30:27,83.53.16.179
660,2041,2025-01-27 20:31:20,83.53.16.179
661,2041,2025-01-27 20:31:21,83.53.16.179
662,2036,2025-01-27 20:33:29,83.53.16.179
663,2036,2025-01-27 20:33:30,83.53.16.179
664,2036,2025-01-27 20:45:09,83.53.243.227
665,2036,2025-01-27 20:45:10,83.53.243.227
666,2036,2025-01-29 07:38:51,83.53.16.179
667,2036,2025-01-29 07:38:52,83.53.16.179
668,2041,2025-02-03 13:50:50,"156.35.173.130"
669,2041,2025-02-03 13:50:51,"156.35.173.130"
670,2041,2025-02-03 13:52:48,"156.35.173.130"
671,2041,2025-02-03 13:52:48,"156.35.173.130"
672,2036,2025-02-03 13:54:32,"156.35.173.130"
673,2036,2025-02-03 13:54:33,"156.35.173.130"
674,4,2025-02-07 13:56:27,176.80.144.119
675,2036,2025-02-13 09:29:21,"156.35.173.130"
676,2036,2025-02-13 09:29:24,"156.35.173.130"
677,2036,2025-02-13 09:31:12,"156.35.173.130"
678,2036,2025-02-13 09:31:13,"156.35.173.130"
679,2036,2025-02-13 09:37:10,"156.35.173.130"
680,2036,2025-02-13 09:37:11,"156.35.173.130"
681,2036,2025-02-13 12:59:18,"156.35.173.130"
682,2036,2025-02-14 08:20:21,"156.35.173.130"
683,2036,2025-02-14 08:20:23,"156.35.173.130"
684,2036,2025-02-19 15:31:09,156.35.225.65
685,2036,2025-02-19 15:33:40,"156.35.173.130"
686,2036,2025-02-19 15:33:41,"156.35.173.130"
687,2036,2025-02-19 15:36:17,"156.35.173.130"
688,2036,2025-02-19 15:36:19,"156.35.173.130"
689,2036,2025-02-20 12:57:56,"156.35.173.130"
690,2036,2025-02-20 12:57:56,"156.35.173.130"
691,2036,2025-02-27 15:34:25,"156.35.173.130"
692,2036,2025-02-27 15:38:47,"156.35.173.130"
693,2036,2025-02-28 09:46:22,"156.35.173.130"
694,2036,2025-03-04 19:33:08,83.53.245.175
695,4,2025-03-05 08:39:06,176.83.47.186
696,2036,2025-03-09 19:48:31,83.52.67.218
697,2036,2025-03-09 21:23:54,83.52.67.218
698,2036,2025-03-09 21:23:56,83.52.67.218
699,2036,2025-03-09 21:34:13,83.52.67.218
700,2036,2025-03-10 07:37:18,83.52.67.218
701,2036,2025-03-10 07:37:20,83.52.67.218
702,2036,2025-03-10 08:52:06,156.35.225.73
703,2036,2025-03-10 08:54:59,156.35.225.73
704,2036,2025-03-11 10:00:49,"156.35.173.130"
705,2036,2025-03-11 10:00:51,"156.35.173.130"
706,2036,2025-03-14 11:27:09,156.35.225.64
707,2036,2025-03-16 11:59:10,83.52.69.151
708,4,2025-03-17 09:37:36,"156.35.173.130"
709,2042,2025-03-17 09:39:37,"156.35.173.130"
710,2042,2025-03-17 09:44:07,"156.35.173.130"
711,2036,2025-03-17 11:46:48,156.35.225.73
712,4,2025-03-17 11:46:58,156.35.225.67
713,2042,2025-03-17 11:50:18,156.35.225.67
714,4,2025-03-17 11:54:39,156.35.225.67
715,4,2025-03-17 11:57:35,156.35.225.67
716,4,2025-03-17 12:02:57,156.35.225.67
717,4,2025-03-17 12:03:15,156.35.225.67
718,2042,2025-03-17 12:03:24,156.35.225.67
719,4,2025-03-17 12:07:30,156.35.225.67
720,4,2025-03-17 12:15:32,156.35.225.67
721,4,2025-03-17 12:17:43,156.35.225.67
722,2042,2025-03-17 12:26:38,156.35.225.67
723,4,2025-03-17 12:41:34,156.35.225.67
724,2042,2025-03-17 12:48:09,156.35.225.67
725,4,2025-03-17 12:48:32,156.35.225.67
726,2042,2025-03-17 12:50:21,156.35.225.67
727,4,2025-03-17 12:53:02,156.35.225.67
728,2042,2025-03-17 12:56:35,156.35.225.67
729,2036,2025-03-17 14:42:29,156.35.225.73
730,2036,2025-03-28 10:43:15,"156.35.173.130"
731,4,2025-03-28 12:23:24,"156.35.173.130"
732,2036,2025-03-28 20:48:28,83.53.7.34
733,2037,2025-04-01 09:08:47,83.53.7.34
734,2036,2025-04-02 12:16:46,156.35.225.66
735,2036,2025-04-04 18:53:02,83.52.69.251
736,2036,2025-04-04 18:53:03,83.52.69.251
737,2036,2025-04-06 12:13:13,83.52.69.251
738,2036,2025-04-06 17:14:19,83.52.69.251
739,2036,2025-04-07 14:12:36,"156.35.173.130"
740,2036,2025-04-07 14:12:39,"156.35.173.130"
741,2036,2025-04-08 11:56:25,"156.35.173.130"
742,2036,2025-04-09 11:50:17,"156.35.173.130"
743,2036,2025-04-09 11:50:21,"156.35.173.130"
744,2036,2025-04-09 12:41:52,156.35.225.67
745,4,2025-04-09 12:50:23,"156.35.173.130"
746,2036,2025-04-09 13:03:01,"156.35.173.130"
747,2042,2025-04-09 13:11:22,"156.35.173.130"
748,2036,2025-04-09 19:18:10,83.52.69.251
749,2036,2025-04-10 15:11:07,"156.35.173.130"
750,2036,2025-04-11 08:36:35,"156.35.173.130"
751,2036,2025-04-14 12:44:51,"156.35.173.130"
752,2036,2025-04-14 12:51:16,"156.35.173.130"
753,2036,2025-04-14 12:51:17,"156.35.173.130"
754,2036,2025-04-14 12:53:11,"156.35.173.130"
755,2036,2025-04-15 19:12:28,83.53.240.48
756,2036,2025-04-15 20:01:18,83.53.240.48
757,2036,2025-04-16 10:11:43,"156.35.173.130"
758,2036,2025-04-16 17:34:10,83.53.240.48
759,2036,2025-04-17 12:04:50,83.53.240.48
760,2036,2025-04-17 12:04:51,83.53.240.48
761,2036,2025-04-18 16:26:19,83.52.65.26
762,2036,2025-04-18 16:31:29,83.52.65.26
763,2036,2025-04-18 16:31:30,83.52.65.26
764,2036,2025-04-21 15:53:24,"156.35.173.130"
765,2036,2025-04-21 15:53:27,"156.35.173.130"
766,2036,2025-04-22 09:00:16,"156.35.173.130"
767,2036,2025-04-22 09:05:45,"156.35.173.130"
768,2036,2025-04-22 09:05:45,"156.35.173.130"
769,2036,2025-04-22 09:31:53,156.35.159.14
770,2036,2025-04-22 12:19:46,"156.35.173.130"
771,2036,2025-04-22 12:19:47,"156.35.173.130"
772,2036,2025-04-22 12:20:06,"156.35.173.130"
773,2036,2025-04-22 13:00:30,"156.35.173.130"
774,2036,2025-04-22 13:00:33,"156.35.173.130"
775,2036,2025-04-23 15:56:21,"156.35.173.130"
776,2036,2025-04-23 15:56:23,"156.35.173.130"
777,3,2025-04-23 15:58:43,"156.35.173.130"
778,3,2025-04-23 15:58:43,"156.35.173.130"
779,2036,2025-04-23 16:51:38,156.35.159.14
780,2036,2025-04-24 09:46:18,212.170.49.13
781,2036,2025-04-24 09:46:26,212.170.49.13
782,2036,2025-04-24 09:57:14,95.127.2.6
783,2036,2025-04-24 09:57:16,95.127.2.6
784,2036,2025-04-24 10:03:38,176.83.55.114
785,2036,2025-04-24 10:03:40,176.83.55.114
786,3,2025-04-24 11:20:52,"156.35.173.130"
787,3,2025-04-24 11:20:53,"156.35.173.130"
788,2036,2025-04-24 11:23:58,178.139.239.221
789,2036,2025-04-24 11:33:47,156.35.225.68
790,2036,2025-04-27 15:25:39,95.127.2.73
791,2036,2025-04-27 15:25:41,95.127.2.73
792,2036,2025-04-30 12:10:23,"156.35.173.130"
793,2036,2025-04-30 12:10:24,"156.35.173.130"
794,2036,2025-05-02 09:11:12,156.35.225.64
795,2036,2025-05-02 09:16:46,"156.35.173.130"
796,2036,2025-05-02 09:16:47,"156.35.173.130"
797,3,2025-05-02 09:45:53,"156.35.173.130"
798,3,2025-05-02 09:45:55,"156.35.173.130"
799,2036,2025-05-07 09:36:02,"156.35.173.130"
800,2036,2025-05-07 09:36:03,"156.35.173.130"
801,3,2025-05-07 09:37:33,"156.35.173.130"
802,3,2025-05-07 09:37:34,"156.35.173.130"
803,3,2025-05-07 13:10:03,178.139.41.101
804,3,2025-05-07 13:10:04,178.139.41.101
805,2036,2025-05-07 13:41:17,178.139.41.101
806,2036,2025-05-07 13:41:18,178.139.41.101
807,4,2025-05-07 20:14:08,95.127.30.59
808,2036,2025-05-07 20:16:09,83.53.27.86
809,2036,2025-05-07 20:16:12,83.53.27.86
810,3,2025-05-08 20:04:32,178.139.62.164
811,3,2025-05-08 20:04:34,178.139.62.164
812,3,2025-05-09 09:23:39,178.139.40.124
813,3,2025-05-09 09:23:40,178.139.40.124
814,3,2025-05-09 12:13:51,178.139.50.223
815,3,2025-05-09 12:13:53,178.139.50.223
816,3,2025-05-09 12:16:46,178.139.50.223
817,3,2025-05-09 12:16:47,178.139.50.223
818,3,2025-05-09 12:21:47,31.4.238.249
819,3,2025-05-09 13:12:49,178.139.33.153
820,3,2025-05-09 13:12:51,178.139.33.153
821,3,2025-05-09 13:13:49,178.139.33.153
822,3,2025-05-09 13:13:50,178.139.33.153
823,3,2025-05-09 18:50:21,178.139.33.153
824,3,2025-05-09 18:50:22,178.139.33.153
825,2036,2025-05-13 09:42:06,"156.35.173.130"
826,2036,2025-05-13 09:42:08,"156.35.173.130"
827,2036,2025-06-23 13:03:13,178.139.9.146
828,2036,2025-06-23 13:03:16,178.139.9.146
829,2036,2025-06-23 16:51:35,178.139.9.146
830,2036,2025-06-23 16:51:36,178.139.9.146
831,2036,2025-06-24 12:40:52,"178.139.59.70"
832,2036,2025-06-24 12:40:54,"178.139.59.70"
833,2036,2025-07-01 16:49:42,192.167.14.191
834,2036,2025-07-14 11:46:24,156.35.225.78
835,2036,2025-07-29 09:39:00,178.139.46.106
836,2036,2025-07-29 09:39:04,178.139.46.106
837,2036,2025-07-29 09:42:00,178.139.46.106
838,2036,2025-07-29 09:42:02,178.139.46.106
839,2036,2025-07-29 12:18:07,178.139.46.106
840,2036,2025-09-09 10:12:50,178.139.58.38
841,2036,2025-09-09 10:12:56,178.139.58.38
842,2036,2025-09-09 12:40:34,178.139.58.38
843,2036,2025-09-09 12:40:36,178.139.58.38
844,2036,2025-09-10 09:37:13,178.139.15.96
845,2036,2025-09-10 09:37:15,178.139.15.96
846,2036,2025-09-10 09:41:35,"156.35.173.130"
847,2036,2025-09-10 09:47:30,"156.35.173.130"
848,2036,2025-09-10 09:47:31,"156.35.173.130"
849,2036,2025-09-10 09:48:20,"156.35.173.130"
850,2036,2025-09-10 09:48:22,"156.35.173.130"
851,2036,2025-09-10 10:04:42,"156.35.173.130"
852,2036,2025-09-10 12:00:37,"156.35.173.130"
853,2036,2025-09-10 12:47:17,"156.35.173.130"
854,2036,2025-09-10 12:54:14,"156.35.173.130"
855,2036,2025-09-10 18:31:02,83.52.67.121
856,2036,2025-09-11 09:09:23,"156.35.173.130"
857,2036,2025-09-11 12:59:42,"156.35.173.130"
858,2036,2025-09-11 12:59:44,"156.35.173.130"
859,2036,2025-09-12 09:10:07,"156.35.173.130"
860,2036,2025-09-12 09:10:09,"156.35.173.130"
861,2036,2025-09-12 09:54:08,"156.35.173.130"
862,2036,2025-09-12 09:54:08,"156.35.173.130"
863,2036,2025-09-12 12:58:30,"156.35.173.130"
864,2036,2025-09-12 12:58:31,"156.35.173.130"
865,2036,2025-09-15 10:05:57,"156.35.173.130"
866,2036,2025-09-15 10:05:58,"156.35.173.130"
867,2036,2025-09-15 13:11:58,"156.35.173.130"
868,2036,2025-09-15 13:11:59,"156.35.173.130"
869,2036,2025-09-16 16:27:15,178.139.61.72
870,2036,2025-09-16 16:27:19,178.139.61.72
871,2036,2025-09-16 16:29:08,178.139.61.72
872,2036,2025-09-16 16:29:10,178.139.61.72
873,2036,2025-09-16 21:44:38,178.139.61.72
874,2036,2025-09-16 21:44:42,178.139.61.72
875,2036,2025-09-16 21:45:28,178.139.61.72
876,2036,2025-09-16 21:45:29,178.139.61.72
877,2036,2025-09-17 11:14:42,31.221.156.37
878,2036,2025-09-23 12:29:52,178.139.44.152
879,2036,2025-09-23 12:29:57,178.139.44.152
880,2036,2025-09-23 12:31:01,178.139.44.152
881,2036,2025-09-23 12:33:04,178.139.44.152
882,2036,2025-09-23 17:00:08,178.139.44.152
883,2036,2025-09-23 17:00:09,178.139.44.152
884,2036,2025-09-23 17:00:28,"156.35.173.130"
885,2036,2025-09-23 17:00:28,"156.35.173.130"
886,2036,2025-09-23 17:11:18,178.139.44.152
887,2036,2025-09-23 17:11:20,178.139.44.152
888,2036,2025-09-23 17:11:32,"156.35.173.130"
889,2036,2025-09-23 17:11:32,"156.35.173.130"
890,2036,2025-09-24 09:24:35,178.139.44.152
891,2036,2025-09-24 09:24:47,178.139.44.152
892,2036,2025-09-24 09:25:13,"156.35.173.130"
893,2036,2025-09-24 10:01:24,178.139.44.152
894,2036,2025-09-24 10:01:25,178.139.44.152
895,2036,2025-09-24 10:04:18,178.139.44.152
896,2036,2025-09-24 10:04:19,178.139.44.152
897,2036,2025-09-24 10:07:24,"156.35.173.130"
898,2036,2025-09-24 10:07:24,"156.35.173.130"
899,2036,2025-09-24 10:08:28,"156.35.173.130"
900,2036,2025-09-24 10:08:28,178.139.44.152
901,2036,2025-09-24 10:08:28,178.139.44.152
902,2036,2025-09-24 10:08:28,"156.35.173.130"
903,2036,2025-09-24 10:23:27,"156.35.173.130"
904,2036,2025-09-24 10:23:28,"156.35.173.130"
905,2036,2025-09-24 10:24:50,"156.35.173.130"
906,2036,2025-09-24 10:24:51,"156.35.173.130"
907,2036,2025-09-24 10:26:40,"156.35.173.130"
908,2036,2025-09-24 10:26:40,"156.35.173.130"
909,2036,2025-09-24 10:27:58,"156.35.173.130"
910,2036,2025-09-24 10:27:59,"156.35.173.130"
911,2036,2025-09-24 10:31:11,178.139.44.152
912,2036,2025-09-24 10:31:13,178.139.44.152
913,2036,2025-09-24 10:42:28,31.221.248.226
914,2036,2025-09-24 10:42:29,31.221.248.226
915,2036,2025-09-24 10:43:54,31.221.248.226
916,2036,2025-09-24 10:43:54,31.221.248.226
917,2036,2025-09-24 10:44:43,31.221.248.226
918,2036,2025-09-24 10:44:44,31.221.248.226
919,2036,2025-09-24 10:45:02,"156.35.173.130"
920,2036,2025-09-24 10:45:02,"156.35.173.130"
921,2036,2025-09-24 10:45:22,31.221.248.226
922,2036,2025-09-24 10:45:22,31.221.248.226
923,2036,2025-09-24 10:58:38,178.139.56.209
924,2036,2025-09-24 10:58:39,178.139.56.209
925,2036,2025-09-24 11:07:44,178.139.56.209
926,2036,2025-09-24 11:07:46,178.139.56.209
927,2036,2025-09-24 11:16:11,"156.35.173.130"
928,2036,2025-09-24 11:16:12,"156.35.173.130"
929,2036,2025-09-24 12:19:45,"156.35.173.130"
930,2036,2025-09-24 12:19:46,"156.35.173.130"
931,2036,2025-09-24 13:49:28,"156.35.173.130"
932,2036,2025-09-24 13:49:29,"156.35.173.130"
933,2036,2025-09-24 23:58:54,31.221.231.74
934,2036,2025-09-24 23:58:56,31.221.231.74
935,2036,2025-09-25 00:00:13,31.221.231.74
936,2036,2025-09-25 00:00:36,31.221.231.74
937,2036,2025-09-25 00:00:37,31.221.231.74
938,2036,2025-09-25 10:05:34,"156.35.173.130"
939,2036,2025-09-25 10:05:35,"156.35.173.130"
940,2036,2025-09-25 10:07:38,"156.35.173.130"
941,2036,2025-09-25 11:19:30,"156.35.173.130"
942,2036,2025-09-25 11:19:31,"156.35.173.130"
943,2036,2025-09-25 13:27:11,"156.35.173.130"
944,2036,2025-09-25 13:27:12,"156.35.173.130"
945,2036,2025-09-25 13:27:51,"156.35.173.130"
946,2036,2025-09-25 13:27:52,"156.35.173.130"
947,2036,2025-09-26 11:17:42,"156.35.173.130"
948,2036,2025-09-26 11:17:44,"156.35.173.130"
949,2036,2025-09-29 10:04:02,"156.35.173.130"
950,2036,2025-09-29 10:04:03,"156.35.173.130"
951,2036,2025-10-01 12:08:52,"156.35.173.130"
952,2036,2025-10-01 12:08:54,"156.35.173.130"
953,2036,2025-10-03 13:32:06,"156.35.173.130"
954,2036,2025-10-03 13:32:09,"156.35.173.130"
955,2036,2025-10-06 10:23:15,"156.35.173.130"
956,2036,2025-10-06 10:23:16,"156.35.173.130"
957,2046,2025-10-06 11:20:49,"156.35.173.130"
958,2046,2025-10-06 11:20:50,"156.35.173.130"
959,2047,2025-10-06 11:24:56,"156.35.173.130"
960,2047,2025-10-06 11:24:57,"156.35.173.130"
961,2047,2025-10-06 11:27:28,"156.35.173.130"
962,2047,2025-10-06 11:27:29,"156.35.173.130"
963,2046,2025-10-06 12:16:06,"156.35.173.130"
964,2046,2025-10-06 12:16:07,"156.35.173.130"
965,2046,2025-10-06 12:20:32,"156.35.173.130"
966,2046,2025-10-06 12:20:34,"156.35.173.130"
967,2048,2025-10-06 12:24:29,"156.35.173.130"
968,2048,2025-10-06 12:24:30,"156.35.173.130"
969,2036,2025-10-06 12:40:38,"156.35.173.130"
970,2036,2025-10-06 12:40:39,"156.35.173.130"
971,2036,2025-10-06 12:45:44,"156.35.173.130"
972,2036,2025-10-06 12:45:46,"156.35.173.130"
973,2047,2025-10-06 12:57:39,"156.35.173.130"
974,2036,2025-10-06 13:03:17,"156.35.173.130"
975,2036,2025-10-06 13:03:19,"156.35.173.130"
976,2036,2025-10-07 09:42:46,"156.35.173.130"
977,2036,2025-10-07 09:42:48,"156.35.173.130"
978,2048,2025-10-07 09:46:25,"156.35.173.130"
979,2048,2025-10-07 09:46:26,"156.35.173.130"
980,2048,2025-10-07 09:54:40,"156.35.173.130"
981,2048,2025-10-07 09:54:42,"156.35.173.130"
982,2048,2025-10-07 10:01:57,"156.35.173.130"
983,2048,2025-10-07 10:01:59,"156.35.173.130"
984,2048,2025-10-07 10:47:29,"156.35.173.130"
985,2048,2025-10-07 10:47:30,"156.35.173.130"
986,2047,2025-10-07 13:13:15,"156.35.173.130"
987,2047,2025-10-07 13:13:17,"156.35.173.130"
988,2047,2025-10-07 13:41:30,"156.35.173.130"
989,2047,2025-10-07 13:41:32,"156.35.173.130"
990,2047,2025-10-08 09:39:02,"156.35.173.130"
991,2047,2025-10-08 09:39:03,"156.35.173.130"
992,2046,2025-10-08 10:16:45,"156.35.173.130"
993,2046,2025-10-08 10:16:47,"156.35.173.130"
994,2046,2025-10-08 10:17:51,"156.35.173.130"
995,2046,2025-10-08 10:17:52,"156.35.173.130"
996,2046,2025-10-08 10:25:28,"156.35.173.130"
997,2046,2025-10-08 10:25:29,"156.35.173.130"
998,2046,2025-10-08 10:29:14,"156.35.173.130"
999,2046,2025-10-08 10:29:15,"156.35.173.130"
1000,2046,2025-10-09 09:29:20,"156.35.173.130"
1001,2046,2025-10-09 09:29:22,"156.35.173.130"
1002,2046,2025-10-09 13:30:52,"156.35.173.130"
1003,2046,2025-10-09 13:30:53,"156.35.173.130"
1004,2048,2025-10-10 10:00:25,"156.35.173.130"
1005,2048,2025-10-10 10:00:27,"156.35.173.130"
1006,2036,2025-10-10 10:39:20,"156.35.173.130"
1007,2036,2025-10-10 10:39:22,"156.35.173.130"
1008,2036,2025-10-10 11:13:08,"156.35.173.130"
1009,2036,2025-10-10 11:13:09,"156.35.173.130"
1010,2036,2025-10-10 11:13:40,"156.35.173.130"
1011,2036,2025-10-10 11:18:36,"156.35.173.130"
1012,2036,2025-10-10 11:18:36,"156.35.173.130"
1013,2036,2025-10-10 11:19:54,"156.35.173.130"
1014,2036,2025-10-10 11:19:54,"156.35.173.130"
1015,2036,2025-10-10 11:21:23,"156.35.173.130"
1016,2036,2025-10-10 11:21:23,"156.35.173.130"
1017,2036,2025-10-10 11:21:41,"156.35.173.130"
1018,2036,2025-10-10 11:21:41,"156.35.173.130"
1019,2036,2025-10-10 12:04:28,"156.35.173.130"
1020,2036,2025-10-10 12:04:29,"156.35.173.130"
1021,2048,2025-10-10 12:42:08,"156.35.173.130"
1022,2048,2025-10-10 12:42:09,"156.35.173.130"
1023,2048,2025-10-10 14:17:12,"156.35.173.130"
1024,2048,2025-10-10 14:17:13,"156.35.173.130"
1025,2048,2025-10-14 09:14:07,"156.35.173.130"
1026,2048,2025-10-14 09:14:08,"156.35.173.130"
1027,2048,2025-10-14 09:14:49,"156.35.173.130"
1028,2048,2025-10-14 10:22:31,"156.35.173.130"
1029,2048,2025-10-14 10:25:07,"156.35.173.130"
1030,2048,2025-10-14 10:25:08,"156.35.173.130"
1031,2048,2025-10-14 11:38:30,"156.35.173.130"
1032,2048,2025-10-14 11:38:31,"156.35.173.130"
1033,2036,2025-10-14 11:49:39,"156.35.173.130"
1034,2036,2025-10-14 11:49:40,"156.35.173.130"
1035,2036,2025-10-16 11:20:27,"156.35.173.130"
1036,2036,2025-10-16 11:20:29,"156.35.173.130"
1037,2036,2025-10-16 11:23:29,"156.35.173.130"
1038,2036,2025-10-16 12:38:59,"156.35.173.130"
1039,2036,2025-10-16 12:39:00,"156.35.173.130"
1040,2036,2025-10-16 12:39:29,"156.35.173.130"
1041,2036,2025-10-17 09:39:06,"156.35.173.130"
1042,2036,2025-10-17 09:39:08,"156.35.173.130"
1043,2036,2025-10-17 09:43:41,"156.35.173.130"
1044,2036,2025-10-17 10:08:19,"156.35.173.130"
1045,2036,2025-10-17 10:38:03,"156.35.173.130"
1046,2036,2025-10-17 12:00:39,"156.35.173.130"
1047,2036,2025-10-17 12:27:07,"156.35.173.130"
1048,2036,2025-10-17 12:35:09,"156.35.173.130"
1049,2036,2025-10-17 13:56:16,212.73.34.138
1050,2036,2025-10-17 13:56:20,212.73.34.138
1051,2036,2025-10-17 14:16:52,212.73.34.138
1052,2036,2025-10-17 14:16:53,212.73.34.138
1053,2036,2025-10-20 12:25:56,"156.35.173.130"
1054,2036,2025-10-22 10:28:59,"156.35.173.130"
1055,2036,2025-10-22 10:29:02,"156.35.173.130"
1056,2036,2025-10-24 09:17:23,"156.35.173.130"
1057,2036,2025-10-24 09:17:24,"156.35.173.130"
1058,2036,2025-10-24 09:23:34,"156.35.173.130"
1059,2036,2025-10-24 09:23:35,"156.35.173.130"
1060,2036,2025-10-24 10:01:21,"156.35.173.130"
1061,2036,2025-10-24 10:01:22,"156.35.173.130"
1062,2036,2025-10-24 10:19:44,"156.35.173.130"
1063,2036,2025-10-24 10:19:45,"156.35.173.130"
1064,2073,2025-10-24 10:59:43,"156.35.173.130"
1065,2073,2025-10-24 10:59:44,"156.35.173.130"
1066,2036,2025-10-24 11:02:21,"156.35.173.130"
1067,2036,2025-10-24 11:02:22,"156.35.173.130"
1068,2036,2025-10-24 11:21:55,"156.35.173.130"
1069,2036,2025-10-24 11:21:56,"156.35.173.130"
1070,2036,2025-10-24 11:37:42,"156.35.173.130"
1071,2036,2025-10-24 11:37:44,"156.35.173.130"
1072,2036,2025-10-24 12:16:37,"156.35.173.130"
1073,2036,2025-10-24 12:16:38,"156.35.173.130"
1074,2036,2025-10-24 12:23:10,"156.35.173.130"
1075,2036,2025-10-24 12:33:19,"156.35.173.130"
1076,2036,2025-10-24 12:33:20,"156.35.173.130"
1077,2036,2025-10-24 12:36:21,"156.35.173.130"
1078,2036,2025-10-24 13:30:00,"156.35.173.130"
1079,2036,2025-10-24 13:30:01,"156.35.173.130"
1080,2036,2025-10-28 09:29:03,"156.35.173.130"
1081,2036,2025-10-28 09:29:05,"156.35.173.130"
1082,2036,2025-10-28 09:47:27,"156.35.173.130"
1083,2036,2025-10-28 09:47:28,"156.35.173.130"
1084,2036,2025-10-28 10:10:34,"156.35.173.130"
1085,2036,2025-10-29 09:04:12,"156.35.173.130"
1086,2036,2025-10-29 09:04:14,"156.35.173.130"
1087,2036,2025-10-29 09:37:41,"156.35.173.130"
1088,2036,2025-10-29 09:37:43,"156.35.173.130"
1089,2036,2025-10-29 09:45:50,"156.35.173.130"
1090,2036,2025-10-29 09:45:52,"156.35.173.130"
1091,2073,2025-10-29 09:59:49,"156.35.173.130"
1092,2073,2025-10-29 09:59:50,"156.35.173.130"
1093,2036,2025-10-29 10:02:01,"156.35.173.130"
1094,2036,2025-10-29 10:02:02,"156.35.173.130"
1095,2074,2025-10-29 10:03:41,"156.35.173.130"
1096,2074,2025-10-29 10:03:42,"156.35.173.130"
1097,2036,2025-10-29 10:10:42,"156.35.173.130"
1098,2036,2025-10-29 11:32:32,"178.139.32.160"
1099,2036,2025-10-29 11:32:33,"178.139.32.160"
1100,2036,2025-10-29 11:37:13,"178.139.32.160"
1101,2036,2025-10-29 11:37:14,"178.139.32.160"
1102,2036,2025-10-29 11:43:44,"178.139.32.160"
1103,2073,2025-10-29 12:18:12,"178.139.32.160"
1104,2073,2025-10-29 12:18:14,"178.139.32.160"
1105,2073,2025-10-29 12:19:32,"178.139.32.160"
1106,2036,2025-10-30 13:11:26,"156.35.173.130"
1107,2036,2025-10-30 13:11:28,"156.35.173.130"
1108,2036,2025-10-30 13:19:13,"156.35.173.130"
1109,2036,2025-10-30 13:27:23,"156.35.173.130"
1110,2036,2025-10-30 13:27:24,"156.35.173.130"
1111,2036,2025-10-30 13:29:12,"156.35.173.130"
1112,2036,2025-10-30 13:29:13,"156.35.173.130"
1113,2036,2025-10-31 11:56:20,"156.35.173.130"
1114,2036,2025-10-31 11:56:22,"156.35.173.130"
1115,2036,2025-10-31 12:05:58,"156.35.173.130"
1116,2036,2025-10-31 12:06:00,"156.35.173.130"
1117,2036,2025-10-31 13:00:58,"156.35.173.130"
1118,2052,2025-11-03 11:10:25,178.139.41.207
1119,2052,2025-11-03 11:10:26,178.139.41.207
1120,2072,2025-11-03 11:22:04,178.139.41.207
1121,2072,2025-11-03 11:22:07,178.139.41.207
1122,2036,2025-11-03 11:56:39,"156.35.173.130"
1123,2055,2025-11-03 14:59:05,178.139.41.207
1124,2055,2025-11-03 14:59:06,178.139.41.207
1125,2036,2025-11-03 17:56:16,83.52.67.121
1126,2036,2025-11-03 18:32:54,83.52.67.121
1127,2036,2025-11-03 18:33:50,83.52.67.121
1128,2036,2025-11-03 18:40:09,83.52.67.121
1129,2036,2025-11-03 18:44:01,83.52.67.121
1130,2072,2025-11-04 08:26:16,178.139.41.207
1131,2072,2025-11-04 08:26:19,178.139.41.207
1132,2060,2025-11-04 08:28:00,178.139.41.207
1133,2060,2025-11-04 08:28:01,178.139.41.207
1134,2036,2025-11-04 08:40:21,"156.35.173.130"
1135,2071,2025-11-04 09:14:34,178.139.41.207
1136,2071,2025-11-04 09:14:35,178.139.41.207
1137,2036,2025-11-04 09:14:58,"156.35.173.130"
1138,2036,2025-11-04 09:24:19,"156.35.173.130"
1139,2047,2025-11-04 09:26:15,"156.35.173.130"
1140,2047,2025-11-04 09:32:36,"156.35.173.130"
1141,2036,2025-11-04 09:36:04,"156.35.173.130"
1142,2036,2025-11-04 11:08:08,"156.35.173.130"
1143,2036,2025-11-04 11:08:09,"156.35.173.130"
1144,2036,2025-11-04 12:03:12,"156.35.173.130"
1145,2036,2025-11-04 12:58:01,"156.35.173.130"
1146,2036,2025-11-04 19:36:06,83.52.67.121
1147,2036,2025-11-05 09:12:12,"156.35.173.130"
1148,2036,2025-11-05 10:26:33,"156.35.173.130"
1149,2036,2025-11-05 12:24:49,"156.35.173.130"
1150,2036,2025-11-05 13:14:57,"156.35.173.130"
1151,2036,2025-11-07 09:04:37,156.35.225.74
1152,2036,2025-11-07 18:27:14,83.52.67.121
1153,2036,2025-11-09 20:42:26,83.52.67.121
1154,2036,2025-11-10 09:33:03,"156.35.173.130"
1155,2036,2025-11-10 11:39:58,"156.35.173.130"
1156,2036,2025-11-10 11:39:59,"156.35.173.130"
1157,2036,2025-11-10 12:21:17,"156.35.173.130"
1158,2036,2025-11-10 12:21:18,"156.35.173.130"
1159,2036,2025-11-10 13:49:32,"156.35.173.130"
1160,2056,2025-11-10 15:56:44,178.139.15.135
1161,2056,2025-11-10 15:56:45,178.139.15.135
1162,2056,2025-11-10 16:02:43,178.139.15.135
1163,2056,2025-11-10 16:13:40,178.139.15.135
1164,2056,2025-11-10 16:13:41,178.139.15.135
1165,2056,2025-11-10 16:19:55,178.139.15.135
1166,2056,2025-11-10 16:19:55,178.139.15.135
1167,2061,2025-11-10 16:46:12,178.139.15.135
1168,2052,2025-11-11 08:06:20,178.139.15.135
1169,2052,2025-11-11 08:06:22,178.139.15.135
1170,2052,2025-11-11 08:14:56,178.139.15.135
1171,2052,2025-11-11 08:14:57,178.139.15.135
1172,2068,2025-11-11 08:40:27,178.139.15.135
1173,2068,2025-11-11 08:40:29,178.139.15.135
1174,2052,2025-11-11 09:22:57,178.139.15.135
1175,2052,2025-11-11 09:22:59,178.139.15.135
1176,2036,2025-11-11 13:28:44,156.35.225.77
1177,2053,2025-11-11 15:40:42,178.139.15.135
1178,2052,2025-11-12 08:45:12,178.139.15.135
1179,2052,2025-11-12 08:45:14,178.139.15.135
1180,2036,2025-11-12 09:21:06,"156.35.173.130"
1181,2036,2025-11-12 09:29:57,"156.35.173.130"
1182,2058,2025-11-12 18:03:28,178.139.48.136
1183,2058,2025-11-12 18:03:30,178.139.48.136
1184,2058,2025-11-12 19:49:45,178.139.48.136
1185,2058,2025-11-12 19:49:46,178.139.48.136
1186,2058,2025-11-12 19:50:58,178.139.48.136
1187,2058,2025-11-12 19:50:59,178.139.48.136
1188,2058,2025-11-12 21:26:00,178.139.48.136
1189,2058,2025-11-12 21:26:01,178.139.48.136
1190,2056,2025-11-12 22:32:51,178.139.48.136
1191,2056,2025-11-12 22:32:52,178.139.48.136
1192,2052,2025-11-13 08:23:52,178.139.48.136
1193,2052,2025-11-13 08:23:53,178.139.48.136
1194,2052,2025-11-13 08:57:30,178.139.48.136
1195,2052,2025-11-13 08:57:32,178.139.48.136
1196,2065,2025-11-13 09:04:15,178.139.48.136
1197,2065,2025-11-13 09:04:16,178.139.48.136
1198,2036,2025-11-13 09:22:56,"156.35.173.130"
1199,2052,2025-11-13 09:57:08,178.139.48.136
1200,2052,2025-11-13 09:57:09,178.139.48.136
1201,2052,2025-11-13 09:58:45,178.139.48.136
1202,2052,2025-11-13 09:58:46,178.139.48.136
1203,2065,2025-11-13 13:04:35,178.139.48.136
1204,2065,2025-11-13 13:04:37,178.139.48.136
1205,2036,2025-11-13 13:32:55,"156.35.173.130"
1206,2036,2025-11-13 20:15:21,83.52.67.121
1207,2058,2025-11-13 21:15:48,178.139.48.136
1208,2058,2025-11-13 21:15:50,178.139.48.136
1209,2056,2025-11-13 22:25:55,178.139.48.136
1210,2056,2025-11-13 22:25:56,178.139.48.136
1211,2056,2025-11-13 23:18:37,178.139.48.136
1212,2056,2025-11-13 23:18:38,178.139.48.136
1213,2056,2025-11-14 00:22:48,178.139.48.136
1214,2056,2025-11-14 00:22:49,178.139.48.136
1215,2056,2025-11-14 07:11:15,178.139.48.136
1216,2056,2025-11-14 07:11:17,178.139.48.136
1217,2072,2025-11-14 08:03:04,178.139.48.136
1218,2072,2025-11-14 08:03:05,178.139.48.136
1219,2036,2025-11-14 09:15:11,"156.35.173.130"
1220,2072,2025-11-14 10:03:05,178.139.48.136
1221,2072,2025-11-14 10:03:06,178.139.48.136
1222,2036,2025-11-14 10:04:13,"156.35.173.130"
1223,2036,2025-11-14 12:11:55,"156.35.173.130"
1224,2036,2025-11-14 12:16:38,"156.35.173.130"
1225,2036,2025-11-14 12:16:40,"156.35.173.130"
1226,2036,2025-11-16 17:03:34,83.52.67.121
1227,2036,2025-11-16 21:14:35,83.52.67.121
1228,2036,2025-11-17 12:26:47,"156.35.173.130"
1229,2036,2025-11-17 12:52:17,"156.35.173.130"
1230,2036,2025-11-17 13:27:13,"156.35.173.130"
1231,2036,2025-11-17 14:11:24,37.10.236.227
1232,2036,2025-11-17 14:28:41,37.10.236.227
1233,2036,2025-11-17 14:28:42,37.10.236.227
1234,2036,2025-11-17 16:38:33,83.52.67.121
1235,2036,2025-11-18 09:17:58,"156.35.173.130"
1236,2036,2025-11-18 11:08:25,"156.35.173.130"
1237,2036,2025-11-18 11:08:27,"156.35.173.130"
1238,2036,2025-11-18 13:54:41,"156.35.173.130"
1239,2036,2025-11-18 13:54:43,"156.35.173.130"
1240,2036,2025-11-18 13:55:48,"156.35.173.130"
1241,2036,2025-11-20 12:12:42,"156.35.173.130"
1242,2036,2025-11-20 12:12:43,"156.35.173.130"
1243,2056,2025-11-21 16:44:49,178.139.51.237
1244,2056,2025-11-21 16:44:53,178.139.51.237
1245,2056,2025-11-21 16:59:30,178.139.51.237
1246,2056,2025-11-21 16:59:33,178.139.51.237
1247,2056,2025-11-21 17:05:12,178.139.51.237
1248,2036,2025-11-23 17:39:48,83.52.67.121
1249,2036,2025-11-25 09:20:43,"156.35.173.130"
1250,2036,2025-11-25 10:32:23,"156.35.173.130"
1251,2036,2025-11-25 12:35:04,"156.35.173.130"
1252,2063,2025-11-27 12:21:06,178.139.63.32
1253,2063,2025-11-27 12:21:09,178.139.63.32
1254,2063,2025-11-27 12:31:29,178.139.63.32
1255,2063,2025-11-27 12:31:29,178.139.63.32
1256,2063,2025-11-27 12:38:29,178.139.63.32
1257,2063,2025-11-27 12:38:30,178.139.63.32
1258,2063,2025-11-27 12:39:02,178.139.63.32
1259,2063,2025-11-27 12:39:03,178.139.63.32
1260,2036,2025-12-01 11:38:02,212.73.34.85
1261,2036,2025-12-01 11:38:06,212.73.34.85
1262,2056,2025-12-02 13:15:39,"178.139.37.60"
1263,2056,2025-12-02 13:15:40,"178.139.37.60"
1264,2036,2025-12-02 13:34:40,"156.35.173.130"
1265,2036,2025-12-02 13:34:42,"156.35.173.130"
1266,2056,2025-12-02 14:31:46,"178.139.37.60"
1267,2056,2025-12-02 14:31:47,"178.139.37.60"
1268,2056,2025-12-02 16:12:23,"178.139.37.60"
1269,2056,2025-12-02 16:12:24,"178.139.37.60"
1270,2052,2025-12-03 08:23:22,"178.139.37.60"
1271,2052,2025-12-03 08:23:24,"178.139.37.60"
1272,2036,2025-12-03 11:09:12,"156.35.173.130"
1273,2036,2025-12-03 11:09:13,"156.35.173.130"
1274,2036,2025-12-03 15:44:43,"156.35.173.130"
1275,2067,2025-12-03 17:40:33,178.139.40.133
1276,2056,2025-12-03 21:03:32,178.139.40.133
1277,2056,2025-12-03 21:03:35,178.139.40.133
1278,2056,2025-12-04 16:22:08,178.139.40.133
1279,2056,2025-12-04 16:22:10,178.139.40.133
1280,2056,2025-12-04 23:55:33,178.139.40.133
1281,2056,2025-12-04 23:55:34,178.139.40.133
1282,2055,2025-12-05 12:54:22,178.139.60.39
1283,2055,2025-12-05 12:54:24,178.139.60.39
1284,2058,2025-12-06 17:23:36,178.139.60.39
1285,2058,2025-12-06 17:23:39,178.139.60.39
1286,2036,2025-12-06 20:09:01,83.52.67.121
1287,2077,2025-12-06 20:12:10,83.52.67.121
1288,2058,2025-12-06 21:29:00,178.139.60.39
1289,2058,2025-12-06 21:29:01,178.139.60.39
1290,2056,2025-12-07 23:15:50,178.139.38.14
1291,2056,2025-12-07 23:15:52,178.139.38.14
1292,2036,2025-12-09 09:40:27,"156.35.173.130"
1293,2036,2025-12-09 10:27:21,"156.35.173.130"
1294,2036,2025-12-09 10:27:22,"156.35.173.130"
1295,2036,2025-12-09 11:16:43,"156.35.173.130"
1296,2036,2025-12-09 11:16:44,"156.35.173.130"
1297,2036,2025-12-09 11:19:56,"156.35.173.130"
1298,2036,2025-12-09 11:19:57,"156.35.173.130"
1299,2036,2025-12-09 11:27:37,"156.35.173.130"
1300,2036,2025-12-09 11:27:38,"156.35.173.130"
1301,2036,2025-12-09 13:06:50,"156.35.173.130"
1302,2036,2025-12-09 13:06:50,"156.35.173.130"
1303,2036,2025-12-10 13:33:08,"156.35.173.130"
1304,2036,2025-12-10 13:33:09,"156.35.173.130"
1305,2052,2025-12-11 11:21:14,178.139.9.84
1306,2052,2025-12-11 11:21:16,178.139.9.84
1307,2036,2025-12-11 11:33:28,"37.10.236.40"
1308,2036,2025-12-11 11:56:35,"156.35.173.130"
1309,2036,2025-12-11 11:56:36,"156.35.173.130"
1310,2036,2025-12-15 09:22:32,"156.35.173.130"
1311,2036,2025-12-15 09:22:34,"156.35.173.130"
1312,2036,2025-12-15 11:15:11,"156.35.173.130"
1313,2036,2025-12-15 11:15:12,"156.35.173.130"
1314,2036,2025-12-15 11:15:47,"156.35.173.130"
1315,2036,2025-12-16 14:03:00,"156.35.225.70"
1316,2036,2025-12-17 11:19:22,"156.35.173.130"
1317,2036,2025-12-17 11:19:23,"156.35.173.130"
1318,2036,2025-12-17 11:59:52,"156.35.173.130"
1319,2036,2025-12-17 12:04:31,"156.35.173.130"
1320,2036,2025-12-17 12:04:32,"156.35.173.130"
1321,2036,2025-12-17 12:52:31,"156.35.173.130"
1322,2056,2025-12-17 14:32:43,178.139.55.168
1323,2056,2025-12-17 14:32:46,178.139.55.168
1324,2056,2025-12-17 14:34:05,178.139.55.168
1325,2056,2025-12-17 14:34:06,178.139.55.168
1326,2056,2025-12-18 00:44:27,178.139.55.168
1327,2055,2025-12-18 13:41:58,178.139.55.168
1328,2055,2025-12-18 13:41:59,178.139.55.168
1329,2036,2025-12-19 11:05:09,"156.35.173.130"
1330,2036,2025-12-19 11:05:11,"156.35.173.130"
1331,2052,2025-12-19 11:24:24,178.139.2.66
1332,2052,2025-12-19 11:24:28,178.139.2.66
1333,2063,2025-12-19 12:08:33,178.139.2.66
1334,2063,2025-12-19 12:08:34,178.139.2.66
1335,2063,2025-12-19 12:21:34,178.139.2.66
1336,2063,2025-12-19 12:21:36,178.139.2.66
1337,2063,2025-12-20 13:05:13,178.139.2.66
1338,2063,2025-12-20 13:05:14,178.139.2.66
1339,2056,2025-12-20 18:06:20,178.139.2.66
1340,2056,2025-12-20 18:06:22,178.139.2.66
1341,2036,2025-12-23 09:41:38,"156.35.173.130"
1342,2036,2025-12-23 10:19:44,"156.35.173.130"
1343,2036,2025-12-23 10:19:45,"156.35.173.130"
1344,2036,2026-01-08 10:55:09,"156.35.173.130"
1345,2036,2026-01-08 11:33:53,"156.35.173.130"
1346,2036,2026-01-08 11:33:56,"156.35.173.130"
1347,2036,2026-01-08 11:45:02,"156.35.173.130"
1348,2036,2026-01-08 11:45:03,"156.35.173.130"
1349,2036,2026-01-12 13:27:13,"156.35.173.130"
1350,2036,2026-01-13 08:18:17,176.83.49.174
1351,2052,2026-01-13 09:11:08,178.139.55.16
1352,2052,2026-01-13 09:11:10,178.139.55.16
1353,2036,2026-01-13 09:15:40,"156.35.173.130"
1354,2036,2026-01-13 09:15:41,"156.35.173.130"
1355,2036,2026-01-13 09:27:16,"156.35.173.130"
1356,2036,2026-01-13 10:40:47,"156.35.173.130"
1357,2036,2026-01-13 10:40:48,"156.35.173.130"
1358,2047,2026-01-13 12:51:04,"156.35.173.130"
1359,2046,2026-01-13 12:54:23,"156.35.173.130"
1360,2036,2026-01-13 13:50:31,95.124.169.83
1361,2036,2026-01-14 10:40:37,"156.35.173.130"
1362,2036,2026-01-14 11:41:06,"156.35.173.130"
1363,2036,2026-01-14 11:47:16,"156.35.173.130"
1364,2036,2026-01-14 12:46:56,"156.35.173.130"
1365,2036,2026-01-14 12:46:57,"156.35.173.130"
1366,2036,2026-01-14 13:01:08,"156.35.173.130"
1367,2036,2026-01-14 14:40:35,"156.35.173.130"
1368,2036,2026-01-14 16:08:03,"156.35.173.130"
1369,2036,2026-01-14 16:08:23,"156.35.173.130"
1370,2036,2026-01-15 08:35:25,"156.35.173.130"
1371,2036,2026-01-15 09:09:39,"156.35.173.130"
1372,2036,2026-01-15 09:13:12,"156.35.173.130"
1373,2036,2026-01-15 09:14:21,"156.35.173.130"
1374,2036,2026-01-15 09:14:48,"156.35.173.130"
1375,2036,2026-01-15 09:18:47,"156.35.173.130"
1376,2036,2026-01-15 09:21:15,"156.35.173.130"
1377,2036,2026-01-15 09:23:09,"156.35.173.130"
1378,2036,2026-01-15 09:36:55,"156.35.173.130"
1379,2081,2026-01-15 09:44:23,"156.35.173.130"
1380,2036,2026-01-15 09:46:04,"156.35.173.130"
1381,2036,2026-01-15 09:48:47,"156.35.173.130"
1382,2036,2026-01-15 09:51:01,"156.35.173.130"
1383,2054,2026-01-15 09:53:44,"178.139.55.230"
1384,2054,2026-01-15 09:53:45,"178.139.55.230"
1385,2036,2026-01-15 09:54:29,"156.35.173.130"
1386,2036,2026-01-15 09:54:35,"156.35.173.130"
1387,2081,2026-01-15 09:56:04,"156.35.173.130"
1388,2036,2026-01-15 09:57:45,"156.35.173.130"
1389,2036,2026-01-15 09:59:45,"156.35.173.130"
1390,2036,2026-01-15 10:00:06,"156.35.173.130"
1391,2036,2026-01-15 10:01:27,"156.35.173.130"
1392,2036,2026-01-15 10:02:11,"156.35.173.130"
1393,2036,2026-01-15 10:03:18,"156.35.173.130"
1394,2081,2026-01-15 10:28:04,"156.35.173.130"
1395,2036,2026-01-15 10:46:26,"156.35.173.130"
1396,2054,2026-01-15 11:58:29,"178.139.55.230"
1397,2054,2026-01-15 11:58:31,"178.139.55.230"
1398,2036,2026-01-15 12:00:17,"156.35.173.130"
1399,2036,2026-01-15 12:11:09,"156.35.173.130"
1400,2036,2026-01-15 12:23:28,"156.35.173.130"
1401,2036,2026-01-15 12:33:04,"156.35.173.130"
1402,2036,2026-01-15 13:12:27,"156.35.173.130"
1403,2036,2026-01-15 13:33:21,"156.35.173.130"
1404,2036,2026-01-15 13:35:12,"156.35.173.130"
1405,2036,2026-01-15 13:36:47,"156.35.173.130"
1406,2036,2026-01-15 13:38:02,"156.35.173.130"
1407,2036,2026-01-15 15:42:57,"156.35.173.130"
1408,2081,2026-01-15 15:57:15,"156.35.173.130"
1409,2036,2026-01-15 16:14:15,"156.35.173.130"
1410,2036,2026-01-16 08:32:30,"156.35.173.130"
1411,2036,2026-01-16 08:40:22,"156.35.173.130"
1412,2036,2026-01-16 08:44:31,"156.35.173.130"
1413,2036,2026-01-16 08:44:33,"156.35.173.130"
1414,2036,2026-01-16 08:50:35,"156.35.173.130"
1415,2036,2026-01-16 08:55:59,"156.35.173.130"
1416,2036,2026-01-16 08:56:00,"156.35.173.130"
1417,2036,2026-01-16 09:11:47,"156.35.173.130"
1418,2036,2026-01-16 09:37:16,"156.35.173.130"
1419,2036,2026-01-16 09:38:53,"156.35.173.130"
1420,2036,2026-01-16 09:41:45,"156.35.173.130"
1421,2081,2026-01-16 09:52:46,"156.35.173.130"
1422,2036,2026-01-16 09:54:34,"156.35.173.130"
1423,2081,2026-01-16 09:59:59,"156.35.173.130"
1424,2081,2026-01-16 10:01:03,"156.35.173.130"
1425,2081,2026-01-16 10:04:34,"156.35.173.130"
1426,2081,2026-01-16 10:05:24,"156.35.173.130"
1427,2036,2026-01-16 10:07:22,"156.35.173.130"
1428,2036,2026-01-16 10:23:15,"156.35.173.130"
1429,2036,2026-01-16 10:40:07,"156.35.173.130"
1430,2036,2026-01-16 10:46:04,"156.35.173.130"
1431,2036,2026-01-16 10:46:05,"156.35.173.130"
1432,2036,2026-01-16 11:04:31,"156.35.173.130"
1433,2036,2026-01-16 11:09:45,"156.35.173.130"
1434,2036,2026-01-16 11:09:54,"156.35.173.130"
1435,2036,2026-01-16 11:26:13,"156.35.173.130"
1436,2036,2026-01-16 11:28:56,"156.35.173.130"
1437,2036,2026-01-16 11:28:56,"156.35.173.130"
1438,2036,2026-01-16 11:33:59,"156.35.173.130"
1439,2036,2026-01-16 11:34:00,"156.35.173.130"
1440,2036,2026-01-16 11:49:17,"156.35.173.130"
1441,2036,2026-01-16 12:02:46,"156.35.173.130"
1442,2036,2026-01-16 12:20:06,"156.35.173.130"
1443,2036,2026-01-16 12:20:07,"156.35.173.130"
1444,2081,2026-01-16 12:33:43,"156.35.173.130"
1445,2036,2026-01-16 12:37:19,"156.35.173.130"
1446,2036,2026-01-16 12:37:20,"156.35.173.130"
1447,2036,2026-01-16 12:45:45,"156.35.173.130"
1448,2081,2026-01-16 12:57:35,"156.35.173.130"
1449,2036,2026-01-16 13:03:14,"156.35.173.130"
1450,2036,2026-01-16 13:10:37,"156.35.173.130"
1451,2036,2026-01-16 13:11:01,"156.35.173.130"
1452,2036,2026-01-16 13:11:06,"156.35.173.130"
1453,2036,2026-01-16 13:12:24,"156.35.173.130"
1454,2036,2026-01-16 13:13:38,"156.35.173.130"
1455,2036,2026-01-16 13:14:14,"156.35.173.130"
1456,2036,2026-01-16 13:14:35,"156.35.173.130"
1457,2081,2026-01-16 13:15:41,"156.35.173.130"
1458,2036,2026-01-16 13:15:52,"156.35.173.130"
1459,2046,2026-01-16 13:16:49,"156.35.173.130"
1460,2036,2026-01-16 13:18:05,"156.35.173.130"
1461,2036,2026-01-16 13:18:13,"156.35.173.130"
1462,2036,2026-01-16 13:18:19,"156.35.173.130"
1463,2036,2026-01-16 13:18:25,"156.35.173.130"
1464,2036,2026-01-16 13:22:49,"156.35.173.130"
1465,2036,2026-01-16 13:22:50,"156.35.173.130"
1466,2036,2026-01-16 13:40:15,"156.35.173.130"
1467,2036,2026-01-16 13:46:14,"156.35.173.130"
1468,2036,2026-01-16 13:49:29,"156.35.173.130"
1469,2036,2026-01-16 13:57:45,"156.35.173.130"
1470,2036,2026-01-16 14:58:35,"156.35.173.130"
1471,2036,2026-01-16 15:31:31,"156.35.173.130"
1472,2036,2026-01-16 15:38:00,"156.35.173.130"
1473,2036,2026-01-16 15:40:12,"156.35.173.130"
1474,2036,2026-01-16 15:52:09,"156.35.173.130"
1475,2036,2026-01-16 15:53:38,"156.35.173.130"
1476,2036,2026-01-19 08:56:24,"156.35.173.130"
1477,2036,2026-01-19 08:59:54,"156.35.173.130"
1478,2081,2026-01-19 09:12:26,"156.35.173.130"
1479,2036,2026-01-19 09:14:09,"156.35.173.130"
1480,2036,2026-01-19 09:50:52,"156.35.173.130"
1481,2036,2026-01-19 10:39:09,"156.35.173.130"
1482,2081,2026-01-19 11:17:42,"156.35.173.130"
1483,2036,2026-01-19 11:28:15,"156.35.173.130"
1484,2036,2026-01-19 11:45:14,"156.35.173.130"
1485,2036,2026-01-19 11:45:15,"156.35.173.130"
1486,2036,2026-01-19 11:47:31,"156.35.173.130"
1487,2036,2026-01-19 11:47:32,"156.35.173.130"
1488,2036,2026-01-19 12:01:26,"156.35.173.130"
1489,2036,2026-01-19 12:19:46,80.29.198.18
1490,2036,2026-01-19 12:26:11,"156.35.173.130"
1491,2036,2026-01-19 13:01:02,"156.35.173.130"
1492,2036,2026-01-19 13:14:37,"156.35.173.130"
1493,2036,2026-01-19 13:14:38,"156.35.173.130"
1494,2036,2026-01-19 13:19:41,"156.35.173.130"
1495,2036,2026-01-19 13:28:41,80.29.198.18
1496,2036,2026-01-19 13:28:42,80.29.198.18
1497,2058,2026-01-19 14:34:40,178.139.50.51
1498,2058,2026-01-19 14:34:42,178.139.50.51
1499,2036,2026-01-19 15:20:05,"156.35.173.130"
1500,2036,2026-01-19 15:20:46,"156.35.173.130"
1501,2036,2026-01-19 15:20:53,"156.35.173.130"
1502,2036,2026-01-19 16:07:27,"156.35.173.130"
1503,2081,2026-01-19 16:15:51,"156.35.173.130"
1504,2036,2026-01-19 16:28:33,"156.35.173.130"
1505,2036,2026-01-19 16:38:22,"156.35.173.130"
1506,2036,2026-01-20 08:32:45,"156.35.173.130"
1507,2081,2026-01-20 08:34:54,"156.35.173.130"
1508,2081,2026-01-20 08:35:30,"156.35.173.130"
1509,2036,2026-01-20 08:42:12,"156.35.173.130"
1510,2036,2026-01-20 08:55:01,"156.35.173.130"
1511,2036,2026-01-20 09:06:28,"156.35.173.130"
1512,2036,2026-01-20 09:25:58,"156.35.173.130"
1513,2036,2026-01-20 09:25:58,"156.35.173.130"
1514,2036,2026-01-20 09:40:18,"156.35.173.130"
1515,2036,2026-01-20 09:40:19,"156.35.173.130"
1516,2036,2026-01-20 11:00:56,"156.35.173.130"
1517,2036,2026-01-20 11:56:10,"156.35.173.130"
1518,2036,2026-01-20 12:44:47,"156.35.173.130"
1519,2036,2026-01-20 12:50:51,"156.35.173.130"
1520,2081,2026-01-20 13:09:40,"156.35.173.130"
1521,2036,2026-01-20 13:11:05,"156.35.173.130"
1522,2036,2026-01-20 13:15:28,"156.35.173.130"
1523,2036,2026-01-20 13:30:43,"156.35.173.130"
1524,2036,2026-01-20 14:24:12,"156.35.173.130"
1525,2036,2026-01-20 14:40:43,46.6.176.123
1526,2036,2026-01-20 14:42:42,"156.35.173.130"
1527,2036,2026-01-20 14:52:24,"156.35.173.130"
1528,2036,2026-01-20 15:04:45,"156.35.173.130"
1529,2036,2026-01-20 15:50:42,"156.35.173.130"
1530,2036,2026-01-20 16:10:34,"156.35.173.130"
1531,2036,2026-01-20 16:26:08,"156.35.173.130"
1532,2056,2026-01-20 21:00:35,178.139.50.51
1533,2056,2026-01-20 21:00:38,178.139.50.51
1534,2036,2026-01-21 08:39:29,"156.35.173.130"
1535,2036,2026-01-21 08:52:01,"156.35.173.130"
1536,2036,2026-01-21 08:57:51,"156.35.173.130"
1537,2081,2026-01-21 09:37:24,"156.35.173.130"
1538,2036,2026-01-21 11:00:19,"156.35.173.130"
1539,2036,2026-01-21 11:02:45,"156.35.173.130"
1540,2036,2026-01-21 11:04:13,"156.35.173.130"
1541,2036,2026-01-21 11:20:53,"156.35.173.130"
1542,2036,2026-01-21 11:20:54,"156.35.173.130"
1543,2036,2026-01-21 11:32:27,"156.35.173.130"
1544,2036,2026-01-21 11:46:16,"156.35.173.130"
1545,2036,2026-01-21 12:02:32,"156.35.173.130"
1546,2036,2026-01-21 12:24:49,"156.35.173.130"
1547,2036,2026-01-21 12:24:50,"156.35.173.130"
1548,2036,2026-01-21 14:03:07,"156.35.173.130"
1549,2036,2026-01-21 15:53:08,"156.35.173.130"
1550,2036,2026-01-21 15:58:36,"156.35.173.130"
1551,2058,2026-01-21 17:04:56,178.139.63.231
1552,2058,2026-01-21 17:04:58,178.139.63.231
1553,2058,2026-01-21 17:06:31,178.139.63.231
1554,2058,2026-01-21 17:06:32,178.139.63.231
1555,2036,2026-01-21 17:14:17,46.6.239.255
1556,2058,2026-01-21 21:41:03,178.139.63.231
1557,2058,2026-01-21 21:41:05,178.139.63.231
1558,2036,2026-01-21 22:15:29,46.6.239.255
1559,2056,2026-01-21 23:39:27,178.139.63.231
1560,2056,2026-01-21 23:39:29,178.139.63.231
1561,2036,2026-01-22 08:10:04,46.6.253.247
1562,2036,2026-01-22 08:33:15,"156.35.173.130"
1563,2036,2026-01-22 09:30:23,"156.35.173.130"
1564,2036,2026-01-22 09:38:39,"156.35.173.130"
1565,2036,2026-01-22 10:07:29,"156.35.173.130"
1566,2036,2026-01-22 10:11:02,"156.35.173.130"
1567,2036,2026-01-22 10:16:38,"156.35.173.130"
1568,2036,2026-01-22 10:24:05,"156.35.173.130"
1569,2036,2026-01-22 10:38:24,"156.35.173.130"
1570,2036,2026-01-22 11:20:49,"156.35.173.130"
1571,2036,2026-01-22 11:37:14,"156.35.173.130"
1572,2036,2026-01-22 11:48:00,"156.35.173.130"
1573,2036,2026-01-22 11:48:14,"156.35.173.130"
1574,2036,2026-01-22 11:48:17,"156.35.173.130"
1575,2036,2026-01-22 11:49:18,"156.35.173.130"
1576,2036,2026-01-22 11:49:22,"156.35.173.130"
1577,2036,2026-01-22 11:50:08,"156.35.173.130"
1578,2036,2026-01-22 11:50:21,"156.35.173.130"
1579,2036,2026-01-22 11:50:24,"156.35.173.130"
1580,2036,2026-01-22 11:50:30,"156.35.173.130"
1581,2036,2026-01-22 11:51:29,"156.35.173.130"
1582,2036,2026-01-22 11:51:34,"156.35.173.130"
1583,2036,2026-01-22 11:51:58,"156.35.173.130"
1584,2036,2026-01-22 11:53:18,"156.35.173.130"
1585,2036,2026-01-22 12:04:45,"156.35.173.130"
1586,2036,2026-01-22 14:07:09,"156.35.173.130"
1587,2036,2026-01-22 15:42:59,"156.35.173.130"
1588,2036,2026-01-22 16:18:33,"156.35.173.130"
1589,2064,2026-01-22 19:01:29,178.139.63.231
1590,2064,2026-01-22 19:01:32,178.139.63.231
1591,2036,2026-01-23 08:49:39,"156.35.173.130"
1592,2036,2026-01-23 09:07:52,"156.35.173.130"
1593,2036,2026-01-23 09:26:21,"156.35.173.130"
1594,2036,2026-01-23 09:26:21,"156.35.173.130"
1595,2036,2026-01-23 12:22:27,"156.35.173.130"
1596,2036,2026-01-23 12:22:29,"156.35.173.130"
1597,2036,2026-01-23 12:51:02,"156.35.173.130"
1598,2036,2026-01-23 13:57:17,"156.35.173.130"
1599,2036,2026-01-23 13:57:19,"156.35.173.130"
1600,2036,2026-01-23 13:57:50,"156.35.173.130"
1601,2036,2026-01-23 13:57:51,"156.35.173.130"
1602,2036,2026-01-23 14:01:41,"156.35.173.130"
1603,2036,2026-01-23 14:03:08,"156.35.173.130"
1604,2036,2026-01-23 14:40:57,"156.35.173.130"
1605,2036,2026-01-23 15:34:21,"156.35.173.130"
1606,2036,2026-01-23 15:37:44,"156.35.173.130"
1607,2036,2026-01-23 16:07:09,"156.35.173.130"
1608,2036,2026-01-23 16:09:30,"156.35.173.130"
1609,2036,2026-01-24 15:09:59,"46.222.174.210"
1610,2036,2026-01-24 15:12:43,"46.222.174.210"
1611,2036,2026-01-27 08:29:41,"156.35.173.130"
1612,2036,2026-01-27 08:41:29,"156.35.173.130"
1613,2036,2026-01-27 08:46:35,"156.35.173.130"
1614,2036,2026-01-27 08:48:09,"156.35.173.130"
1615,2036,2026-01-27 09:00:45,"156.35.173.130"
1616,2081,2026-01-27 09:23:48,"156.35.173.130"
1617,2036,2026-01-27 09:26:53,"156.35.173.130"
1618,2081,2026-01-27 09:42:14,"156.35.173.130"
1619,2081,2026-01-27 09:46:21,"156.35.173.130"
1620,2036,2026-01-27 10:48:08,"156.35.173.130"
1621,2036,2026-01-27 10:48:33,"156.35.173.130"
1622,2036,2026-01-27 11:00:42,"156.35.173.130"
1623,2036,2026-01-27 11:21:12,"156.35.173.130"
1624,2036,2026-01-27 11:21:14,"156.35.173.130"
1625,2036,2026-01-27 11:57:14,"156.35.173.130"
1626,2036,2026-01-27 12:09:13,"156.35.173.130"
1627,2036,2026-01-27 12:17:39,"156.35.173.130"
1628,2036,2026-01-27 12:23:31,"156.35.173.130"
1629,2036,2026-01-27 12:44:45,"156.35.173.130"
1630,2036,2026-01-27 13:10:28,"156.35.173.130"
1631,2036,2026-01-27 13:21:20,"156.35.173.130"
1632,2036,2026-01-27 13:21:39,"156.35.173.130"
